-- MySQL dump 10.13  Distrib 8.0.18, for Win64 (x86_64)
--
-- Host: localhost    Database: e_mall_db
-- ------------------------------------------------------
-- Server version	8.0.18

/*!40101 SET @OLD_CHARACTER_SET_CLIENT=@@CHARACTER_SET_CLIENT */;
/*!40101 SET @OLD_CHARACTER_SET_RESULTS=@@CHARACTER_SET_RESULTS */;
/*!40101 SET @OLD_COLLATION_CONNECTION=@@COLLATION_CONNECTION */;
/*!50503 SET NAMES utf8mb4 */;
/*!40103 SET @OLD_TIME_ZONE=@@TIME_ZONE */;
/*!40103 SET TIME_ZONE='+00:00' */;
/*!40014 SET @OLD_UNIQUE_CHECKS=@@UNIQUE_CHECKS, UNIQUE_CHECKS=0 */;
/*!40014 SET @OLD_FOREIGN_KEY_CHECKS=@@FOREIGN_KEY_CHECKS, FOREIGN_KEY_CHECKS=0 */;
/*!40101 SET @OLD_SQL_MODE=@@SQL_MODE, SQL_MODE='NO_AUTO_VALUE_ON_ZERO' */;
/*!40111 SET @OLD_SQL_NOTES=@@SQL_NOTES, SQL_NOTES=0 */;

--
-- Table structure for table `address`
--

DROP TABLE IF EXISTS `address`;
/*!40101 SET @saved_cs_client     = @@character_set_client */;
/*!50503 SET character_set_client = utf8mb4 */;
CREATE TABLE `address` (
  `id` int(11) NOT NULL AUTO_INCREMENT,
  `recipients` varchar(20) NOT NULL,
  `region` varchar(100) NOT NULL,
  `address_tags` varchar(1) NOT NULL,
  `default_address` tinyint(1) NOT NULL,
  `phone` varchar(11) NOT NULL,
  `user_id` int(11) NOT NULL,
  PRIMARY KEY (`id`),
  KEY `Address_user_id_60dc861b_fk_auth_user_id` (`user_id`),
  CONSTRAINT `Address_user_id_60dc861b_fk_auth_user_id` FOREIGN KEY (`user_id`) REFERENCES `auth_user` (`id`)
) ENGINE=InnoDB AUTO_INCREMENT=5 DEFAULT CHARSET=utf8mb4 COLLATE=utf8mb4_0900_ai_ci;
/*!40101 SET character_set_client = @saved_cs_client */;

--
-- Dumping data for table `address`
--

LOCK TABLES `address` WRITE;
/*!40000 ALTER TABLE `address` DISABLE KEYS */;
INSERT INTO `address` VALUES (1,'司云中','华东地区-江苏-扬州市-仪征市-某某小区某某栋某某室','1',0,'13787833290',1),(2,'我的文文','华中地区-湖南-益阳市-桃江县-某某具体的地址','1',1,'13345678911',1),(3,'小司司','华中地区-湖南-株洲市-天元区-泰山路 88号 湖南工业大学 研究生宿舍','3',0,'13777777733',1),(4,'测试','华北地区-北京-市辖区-东城区-测试地点','2',0,'13777777733',1);
/*!40000 ALTER TABLE `address` ENABLE KEYS */;
UNLOCK TABLES;

--
-- Table structure for table `auth_group`
--

DROP TABLE IF EXISTS `auth_group`;
/*!40101 SET @saved_cs_client     = @@character_set_client */;
/*!50503 SET character_set_client = utf8mb4 */;
CREATE TABLE `auth_group` (
  `id` int(11) NOT NULL AUTO_INCREMENT,
  `name` varchar(150) NOT NULL,
  PRIMARY KEY (`id`),
  UNIQUE KEY `name` (`name`)
) ENGINE=InnoDB DEFAULT CHARSET=utf8mb4 COLLATE=utf8mb4_0900_ai_ci;
/*!40101 SET character_set_client = @saved_cs_client */;

--
-- Dumping data for table `auth_group`
--

LOCK TABLES `auth_group` WRITE;
/*!40000 ALTER TABLE `auth_group` DISABLE KEYS */;
/*!40000 ALTER TABLE `auth_group` ENABLE KEYS */;
UNLOCK TABLES;

--
-- Table structure for table `auth_group_permissions`
--

DROP TABLE IF EXISTS `auth_group_permissions`;
/*!40101 SET @saved_cs_client     = @@character_set_client */;
/*!50503 SET character_set_client = utf8mb4 */;
CREATE TABLE `auth_group_permissions` (
  `id` int(11) NOT NULL AUTO_INCREMENT,
  `group_id` int(11) NOT NULL,
  `permission_id` int(11) NOT NULL,
  PRIMARY KEY (`id`),
  UNIQUE KEY `auth_group_permissions_group_id_permission_id_0cd325b0_uniq` (`group_id`,`permission_id`),
  KEY `auth_group_permissio_permission_id_84c5c92e_fk_auth_perm` (`permission_id`),
  CONSTRAINT `auth_group_permissio_permission_id_84c5c92e_fk_auth_perm` FOREIGN KEY (`permission_id`) REFERENCES `auth_permission` (`id`),
  CONSTRAINT `auth_group_permissions_group_id_b120cbf9_fk_auth_group_id` FOREIGN KEY (`group_id`) REFERENCES `auth_group` (`id`)
) ENGINE=InnoDB DEFAULT CHARSET=utf8mb4 COLLATE=utf8mb4_0900_ai_ci;
/*!40101 SET character_set_client = @saved_cs_client */;

--
-- Dumping data for table `auth_group_permissions`
--

LOCK TABLES `auth_group_permissions` WRITE;
/*!40000 ALTER TABLE `auth_group_permissions` DISABLE KEYS */;
/*!40000 ALTER TABLE `auth_group_permissions` ENABLE KEYS */;
UNLOCK TABLES;

--
-- Table structure for table `auth_permission`
--

DROP TABLE IF EXISTS `auth_permission`;
/*!40101 SET @saved_cs_client     = @@character_set_client */;
/*!50503 SET character_set_client = utf8mb4 */;
CREATE TABLE `auth_permission` (
  `id` int(11) NOT NULL AUTO_INCREMENT,
  `name` varchar(255) NOT NULL,
  `codename` varchar(100) NOT NULL,
  `content_type_id` int(11) NOT NULL,
  PRIMARY KEY (`id`),
  UNIQUE KEY `auth_permission_content_type_id_codename_01ab375a_uniq` (`content_type_id`,`codename`),
  CONSTRAINT `auth_permission_content_type_id_2f476e4b_fk_django_co` FOREIGN KEY (`content_type_id`) REFERENCES `django_content_type` (`id`)
) ENGINE=InnoDB AUTO_INCREMENT=81 DEFAULT CHARSET=utf8mb4 COLLATE=utf8mb4_0900_ai_ci;
/*!40101 SET character_set_client = @saved_cs_client */;

--
-- Dumping data for table `auth_permission`
--

LOCK TABLES `auth_permission` WRITE;
/*!40000 ALTER TABLE `auth_permission` DISABLE KEYS */;
INSERT INTO `auth_permission` VALUES (1,'Can add log entry','add_logentry',1),(2,'Can change log entry','change_logentry',1),(3,'Can delete log entry','delete_logentry',1),(4,'Can view log entry','view_logentry',1),(5,'Can add permission','add_permission',2),(6,'Can change permission','change_permission',2),(7,'Can delete permission','delete_permission',2),(8,'Can view permission','view_permission',2),(9,'Can add group','add_group',3),(10,'Can change group','change_group',3),(11,'Can delete group','delete_group',3),(12,'Can view group','view_group',3),(13,'Can add user','add_user',4),(14,'Can change user','change_user',4),(15,'Can delete user','delete_user',4),(16,'Can view user','view_user',4),(17,'Can add content type','add_contenttype',5),(18,'Can change content type','change_contenttype',5),(19,'Can delete content type','delete_contenttype',5),(20,'Can view content type','view_contenttype',5),(21,'Can add session','add_session',6),(22,'Can change session','change_session',6),(23,'Can delete session','delete_session',6),(24,'Can view session','view_session',6),(25,'Can add site','add_site',7),(26,'Can change site','change_site',7),(27,'Can delete site','delete_site',7),(28,'Can view site','view_site',7),(29,'Can add 评论表','add_remark',8),(30,'Can change 评论表','change_remark',8),(31,'Can delete 评论表','delete_remark',8),(32,'Can view 评论表','view_remark',8),(33,'Can add 评论回复表','add_remark_reply',9),(34,'Can change 评论回复表','change_remark_reply',9),(35,'Can delete 评论回复表','delete_remark_reply',9),(36,'Can view 评论回复表','view_remark_reply',9),(37,'Can add 首页轮播商品','add_goodsby',10),(38,'Can change 首页轮播商品','change_goodsby',10),(39,'Can delete 首页轮播商品','delete_goodsby',10),(40,'Can view 首页轮播商品','view_goodsby',10),(41,'Can add 商品类型','add_goodstype',11),(42,'Can change 商品类型','change_goodstype',11),(43,'Can delete 商品类型','delete_goodstype',11),(44,'Can view 商品类型','view_goodstype',11),(45,'Can add 促销商品','add_promotion',12),(46,'Can change 促销商品','change_promotion',12),(47,'Can delete 促销商品','delete_promotion',12),(48,'Can view 促销商品','view_promotion',12),(49,'Can add 商品表','add_commodity',13),(50,'Can change 商品表','change_commodity',13),(51,'Can delete 商品表','delete_commodity',13),(52,'Can view 商品表','view_commodity',13),(53,'Can add 商家','add_shoppers',14),(54,'Can change 商家','change_shoppers',14),(55,'Can delete 商家','delete_shoppers',14),(56,'Can view 商家','view_shoppers',14),(57,'Can add 店铺','add_store',15),(58,'Can change 店铺','change_store',15),(59,'Can delete 店铺','delete_store',15),(60,'Can view 店铺','view_store',15),(61,'Can add 消费者','add_consumer',16),(62,'Can change 消费者','change_consumer',16),(63,'Can delete 消费者','delete_consumer',16),(64,'Can view 消费者','view_consumer',16),(65,'Can add 收获地址','add_address',17),(66,'Can change 收获地址','change_address',17),(67,'Can delete 收获地址','delete_address',17),(68,'Can view 收获地址','view_address',17),(69,'Can add 订单信息表','add_order_basic',18),(70,'Can change 订单信息表','change_order_basic',18),(71,'Can delete 订单信息表','delete_order_basic',18),(72,'Can view 订单信息表','view_order_basic',18),(73,'Can add 订单商品详情表','add_order_details',19),(74,'Can change 订单商品详情表','change_order_details',19),(75,'Can delete 订单商品详情表','delete_order_details',19),(76,'Can view 订单商品详情表','view_order_details',19),(77,'Can add 物流表','add_logistic',20),(78,'Can change 物流表','change_logistic',20),(79,'Can delete 物流表','delete_logistic',20),(80,'Can view 物流表','view_logistic',20);
/*!40000 ALTER TABLE `auth_permission` ENABLE KEYS */;
UNLOCK TABLES;

--
-- Table structure for table `auth_user`
--

DROP TABLE IF EXISTS `auth_user`;
/*!40101 SET @saved_cs_client     = @@character_set_client */;
/*!50503 SET character_set_client = utf8mb4 */;
CREATE TABLE `auth_user` (
  `id` int(11) NOT NULL AUTO_INCREMENT,
  `password` varchar(128) NOT NULL,
  `last_login` datetime(6) DEFAULT NULL,
  `is_superuser` tinyint(1) NOT NULL,
  `username` varchar(150) NOT NULL,
  `first_name` varchar(30) NOT NULL,
  `last_name` varchar(150) NOT NULL,
  `email` varchar(254) NOT NULL,
  `is_staff` tinyint(1) NOT NULL,
  `is_active` tinyint(1) NOT NULL,
  `date_joined` datetime(6) NOT NULL,
  PRIMARY KEY (`id`),
  UNIQUE KEY `username` (`username`)
) ENGINE=InnoDB AUTO_INCREMENT=10 DEFAULT CHARSET=utf8mb4 COLLATE=utf8mb4_0900_ai_ci;
/*!40101 SET character_set_client = @saved_cs_client */;

--
-- Dumping data for table `auth_user`
--

LOCK TABLES `auth_user` WRITE;
/*!40000 ALTER TABLE `auth_user` DISABLE KEYS */;
INSERT INTO `auth_user` VALUES (1,'pbkdf2_sha256$150000$ea1caM71c1N9$kV6doetd19ZBODhhbT2BwofFZluYGV5eb3DxYoXaKss=','2020-06-04 07:24:05.382546',0,'chch247179876@qq.com','司云中','','247179876@qq.com',0,1,'2020-06-01 14:03:08.830128'),(5,'pbkdf2_sha256$150000$ghoVXkYNvuEW$at4v5y5DUYmss3Wyi7VuJwRikCCWsBbyZ5wRR2zsf4A=','2020-06-04 08:30:18.397335',0,'慎独','司云中','','syz247179876@126.com',1,1,'2020-06-02 10:08:12.073973'),(9,'pbkdf2_sha256$150000$1XCo12OwMbRR$75OCiHXQtbgmLmrUzH8LokpBLYdgKYs9tCTQQ127CqE=','2020-06-03 15:21:53.810225',0,'我是卖家2号','曾靖文','','3359899625@qq.com',1,1,'2020-06-03 15:20:25.594635');
/*!40000 ALTER TABLE `auth_user` ENABLE KEYS */;
UNLOCK TABLES;

--
-- Table structure for table `auth_user_groups`
--

DROP TABLE IF EXISTS `auth_user_groups`;
/*!40101 SET @saved_cs_client     = @@character_set_client */;
/*!50503 SET character_set_client = utf8mb4 */;
CREATE TABLE `auth_user_groups` (
  `id` int(11) NOT NULL AUTO_INCREMENT,
  `user_id` int(11) NOT NULL,
  `group_id` int(11) NOT NULL,
  PRIMARY KEY (`id`),
  UNIQUE KEY `auth_user_groups_user_id_group_id_94350c0c_uniq` (`user_id`,`group_id`),
  KEY `auth_user_groups_group_id_97559544_fk_auth_group_id` (`group_id`),
  CONSTRAINT `auth_user_groups_group_id_97559544_fk_auth_group_id` FOREIGN KEY (`group_id`) REFERENCES `auth_group` (`id`),
  CONSTRAINT `auth_user_groups_user_id_6a12ed8b_fk_auth_user_id` FOREIGN KEY (`user_id`) REFERENCES `auth_user` (`id`)
) ENGINE=InnoDB DEFAULT CHARSET=utf8mb4 COLLATE=utf8mb4_0900_ai_ci;
/*!40101 SET character_set_client = @saved_cs_client */;

--
-- Dumping data for table `auth_user_groups`
--

LOCK TABLES `auth_user_groups` WRITE;
/*!40000 ALTER TABLE `auth_user_groups` DISABLE KEYS */;
/*!40000 ALTER TABLE `auth_user_groups` ENABLE KEYS */;
UNLOCK TABLES;

--
-- Table structure for table `auth_user_user_permissions`
--

DROP TABLE IF EXISTS `auth_user_user_permissions`;
/*!40101 SET @saved_cs_client     = @@character_set_client */;
/*!50503 SET character_set_client = utf8mb4 */;
CREATE TABLE `auth_user_user_permissions` (
  `id` int(11) NOT NULL AUTO_INCREMENT,
  `user_id` int(11) NOT NULL,
  `permission_id` int(11) NOT NULL,
  PRIMARY KEY (`id`),
  UNIQUE KEY `auth_user_user_permissions_user_id_permission_id_14a6b632_uniq` (`user_id`,`permission_id`),
  KEY `auth_user_user_permi_permission_id_1fbb5f2c_fk_auth_perm` (`permission_id`),
  CONSTRAINT `auth_user_user_permi_permission_id_1fbb5f2c_fk_auth_perm` FOREIGN KEY (`permission_id`) REFERENCES `auth_permission` (`id`),
  CONSTRAINT `auth_user_user_permissions_user_id_a95ead1b_fk_auth_user_id` FOREIGN KEY (`user_id`) REFERENCES `auth_user` (`id`)
) ENGINE=InnoDB AUTO_INCREMENT=67 DEFAULT CHARSET=utf8mb4 COLLATE=utf8mb4_0900_ai_ci;
/*!40101 SET character_set_client = @saved_cs_client */;

--
-- Dumping data for table `auth_user_user_permissions`
--

LOCK TABLES `auth_user_user_permissions` WRITE;
/*!40000 ALTER TABLE `auth_user_user_permissions` DISABLE KEYS */;
INSERT INTO `auth_user_user_permissions` VALUES (27,5,32),(28,5,33),(29,5,34),(30,5,35),(35,5,40),(36,5,44),(37,5,45),(38,5,46),(39,5,47),(40,5,48),(31,5,49),(32,5,50),(33,5,51),(34,5,52),(41,5,54),(42,5,56),(43,5,58),(44,5,60),(24,5,70),(25,5,72),(26,5,76),(23,5,80),(49,9,32),(50,9,33),(51,9,34),(52,9,35),(57,9,40),(58,9,44),(59,9,45),(60,9,46),(61,9,47),(62,9,48),(53,9,49),(54,9,50),(55,9,51),(56,9,52),(63,9,54),(64,9,56),(65,9,58),(66,9,60),(46,9,70),(47,9,72),(48,9,76),(45,9,80);
/*!40000 ALTER TABLE `auth_user_user_permissions` ENABLE KEYS */;
UNLOCK TABLES;

--
-- Table structure for table `carousel_index`
--

DROP TABLE IF EXISTS `carousel_index`;
/*!40101 SET @saved_cs_client     = @@character_set_client */;
/*!50503 SET character_set_client = utf8mb4 */;
CREATE TABLE `carousel_index` (
  `id` int(11) NOT NULL AUTO_INCREMENT,
  `commodity_name` varchar(100) NOT NULL,
  `picture` varchar(100) NOT NULL,
  `url` varchar(20) NOT NULL,
  PRIMARY KEY (`id`)
) ENGINE=InnoDB DEFAULT CHARSET=utf8mb4 COLLATE=utf8mb4_0900_ai_ci;
/*!40101 SET character_set_client = @saved_cs_client */;

--
-- Dumping data for table `carousel_index`
--

LOCK TABLES `carousel_index` WRITE;
/*!40000 ALTER TABLE `carousel_index` DISABLE KEYS */;
/*!40000 ALTER TABLE `carousel_index` ENABLE KEYS */;
UNLOCK TABLES;

--
-- Table structure for table `commodity`
--

DROP TABLE IF EXISTS `commodity`;
/*!40101 SET @saved_cs_client     = @@character_set_client */;
/*!50503 SET character_set_client = utf8mb4 */;
CREATE TABLE `commodity` (
  `id` int(11) NOT NULL AUTO_INCREMENT,
  `commodity_name` varchar(50) NOT NULL,
  `price` int(10) unsigned NOT NULL,
  `details` longtext NOT NULL,
  `intro` longtext NOT NULL,
  `category` varchar(10) NOT NULL,
  `status` varchar(10) CHARACTER SET utf8mb4 COLLATE utf8mb4_0900_ai_ci NOT NULL,
  `onshelve_time` datetime(6) NOT NULL,
  `unshelve_time` datetime(6) NOT NULL,
  `discounts` decimal(2,1) NOT NULL,
  `sell_counts` int(10) unsigned NOT NULL,
  `freight` int(10) unsigned NOT NULL,
  `image` varchar(100) DEFAULT NULL,
  `discounts_intro` longtext NOT NULL,
  `shopper_id` int(11) NOT NULL,
  `store_id` int(11) NOT NULL,
  `stock` int(11) NOT NULL,
  PRIMARY KEY (`id`),
  KEY `Commodity_shopper_id_cad29e50_fk_auth_user_id` (`shopper_id`),
  KEY `Commodity_store_id_f8e38211_fk_Shopper_app_store_id` (`store_id`),
  CONSTRAINT `Commodity_shopper_id_cad29e50_fk_auth_user_id` FOREIGN KEY (`shopper_id`) REFERENCES `auth_user` (`id`),
  CONSTRAINT `Commodity_store_id_f8e38211_fk_Shopper_app_store_id` FOREIGN KEY (`store_id`) REFERENCES `shopper_app_store` (`id`)
) ENGINE=InnoDB AUTO_INCREMENT=270 DEFAULT CHARSET=utf8mb4 COLLATE=utf8mb4_0900_ai_ci;
/*!40101 SET character_set_client = @saved_cs_client */;

--
-- Dumping data for table `commodity`
--

LOCK TABLES `commodity` WRITE;
/*!40000 ALTER TABLE `commodity` DISABLE KEYS */;
INSERT INTO `commodity` VALUES (1,'电脑主机',3500,'![](https://django-e-mall.oss-cn-shanghai.aliyuncs.com/O1CN01mS8ZaB25d26c2o6U8_%21%211807817548.jpg)\r\n![](https://django-e-mall.oss-cn-shanghai.aliyuncs.com/O1CN01mS8ZaB25d26c2o6U8_%21%211807817548.jpg)\r\n![](https://django-e-mall.oss-cn-shanghai.aliyuncs.com/O1CN01mS8ZaB25d26c2o6U8_%21%211807817548.jpg)\r\n![](https://django-e-mall.oss-cn-shanghai.aliyuncs.com/O1CN01mS8ZaB25d26c2o6U8_%21%211807817548.jpg)\r\n![](https://django-e-mall.oss-cn-shanghai.aliyuncs.com/O1CN01mS8ZaB25d26c2o6U8_%21%211807817548.jpg)\r\n![](https://django-e-mall.oss-cn-shanghai.aliyuncs.com/O1CN01mS8ZaB25d26c2o6U8_%21%211807817548.jpg)\r\n![](https://django-e-mall.oss-cn-shanghai.aliyuncs.com/O1CN01mS8ZaB25d26c2o6U8_%21%211807817548.jpg)![](https://django-e-mall.oss-cn-shanghai.aliyuncs.com/O1CN01mS8ZaB25d26c2o6U8_%21%211807817548.jpg)\r\n![](https://django-e-mall.oss-cn-shanghai.aliyuncs.com/O1CN01mS8ZaB25d26c2o6U8_%21%211807817548.jpg)\r\n![](https://django-e-mall.oss-cn-shanghai.aliyuncs.com/O1CN01mS8ZaB25d26c2o6U8_%21%211807817548.jpg)\r\n![](https://django-e-mall.oss-cn-shanghai.aliyuncs.com/O1CN01mS8ZaB25d26c2o6U8_%21%211807817548.jpg)\r\n![](https://django-e-mall.oss-cn-shanghai.aliyuncs.com/O1CN01mS8ZaB25d26c2o6U8_%21%211807817548.jpg)\r\n![](https://django-e-mall.oss-cn-shanghai.aliyuncs.com/O1CN01mS8ZaB25d26c2o6U8_%21%211807817548.jpg)\r\n![](https://django-e-mall.oss-cn-shanghai.aliyuncs.com/O1CN01mS8ZaB25d26c2o6U8_%21%211807817548.jpg)','电脑主机i5 8400升9400F GTX1660高配游戏台式组装电脑全套整机吃鸡办公网卡主播电竞网咖LOL办公家用diy设计','电子设备','1','2020-06-03 13:59:46.250638','2020-06-03 13:59:46.250638',1.0,0,0,'commodity_head/02_QsmVsco.jpg','该店铺目前暂无优惠活动',5,1,5000),(2,'电脑主机',3000,'![](https://django-e-mall.oss-cn-shanghai.aliyuncs.com/O1CN01hDQkEZ25d26k35UPZ_%21%211807817548.jpg)\r\n![](https://django-e-mall.oss-cn-shanghai.aliyuncs.com/O1CN01mS8ZaB25d26c2o6U8_%21%211807817548.jpg)\r\n![](https://django-e-mall.oss-cn-shanghai.aliyuncs.com/O1CN01hDQkEZ25d26k35UPZ_%21%211807817548.jpg)\r\n![](https://django-e-mall.oss-cn-shanghai.aliyuncs.com/O1CN01hDQkEZ25d26k35UPZ_%21%211807817548.jpg)\r\n![](https://django-e-mall.oss-cn-shanghai.aliyuncs.com/O1CN01hDQkEZ25d26k35UPZ_%21%211807817548.jpg)\r\n![](https://django-e-mall.oss-cn-shanghai.aliyuncs.com/O1CN01hDQkEZ25d26k35UPZ_%21%211807817548.jpg)\r\n![](https://django-e-mall.oss-cn-shanghai.aliyuncs.com/O1CN01hDQkEZ25d26k35UPZ_%21%211807817548.jpg)\r\n![](https://django-e-mall.oss-cn-shanghai.aliyuncs.com/O1CN01hDQkEZ25d26k35UPZ_%21%211807817548.jpg)\r\n![](https://django-e-mall.oss-cn-shanghai.aliyuncs.com/O1CN01hDQkEZ25d26k35UPZ_%21%211807817548.jpg)\r\n![](https://django-e-mall.oss-cn-shanghai.aliyuncs.com/O1CN01hDQkEZ25d26k35UPZ_%21%211807817548.jpg)\r\n![](https://django-e-mall.oss-cn-shanghai.aliyuncs.com/O1CN01hDQkEZ25d26k35UPZ_%21%211807817548.jpg)','电脑主机i5 8400升9400F GTX1660高配游戏台式组装电脑全套整机吃鸡办公网卡主播电竞网咖LOL办公家用diy设计','电子设备','1','2020-06-03 14:00:06.198767','2020-06-03 14:00:06.198767',0.8,0,15,'commodity_head/02_nSM4qWn.jpg','该店铺目前暂无优惠活动',5,1,5000),(3,'旺仔牛奶',15,'好喝的旺仔牛奶','好喝的旺仔牛奶','食品','1','2020-06-02 13:08:52.027397','2020-06-02 13:08:52.027397',0.9,0,15,'commodity_head/02_ROJxk5M.jpg','买10送1',5,1,5000),(4,'旺仔牛奶',15,'好喝的旺仔牛奶','好喝的旺仔牛奶','食品','1','2020-06-02 13:08:59.342894','2020-06-02 13:08:59.342894',0.9,0,15,'commodity_head/02_zpXFjPs.jpg','买10送1',5,1,5000),(5,'旺仔牛奶',15,'好喝的旺仔牛奶','好喝的旺仔牛奶','食品','1','2020-06-01 00:00:00.000000','2020-06-01 00:00:00.000000',0.9,0,15,NULL,'买10送1',5,1,5000),(6,'旺仔牛奶',15,'好喝的旺仔牛奶','好喝的旺仔牛奶','食品','1','2020-06-01 00:00:00.000000','2020-06-01 00:00:00.000000',0.9,0,15,NULL,'买10送1',5,1,5000),(7,'旺仔牛奶',15,'好喝的旺仔牛奶','好喝的旺仔牛奶','食品','1','2020-06-01 00:00:00.000000','2020-06-01 00:00:00.000000',0.9,0,15,NULL,'买10送1',5,1,5000),(8,'旺仔牛奶',15,'好喝的旺仔牛奶','好喝的旺仔牛奶','食品','1','2020-06-01 00:00:00.000000','2020-06-01 00:00:00.000000',0.9,0,15,NULL,'买10送1',5,1,5000),(9,'旺仔牛奶',15,'好喝的旺仔牛奶','好喝的旺仔牛奶','食品','1','2020-06-01 00:00:00.000000','2020-06-01 00:00:00.000000',0.9,0,15,NULL,'买10送1',5,1,5000),(10,'旺仔牛奶',15,'好喝的旺仔牛奶','好喝的旺仔牛奶','食品','1','2020-06-01 00:00:00.000000','2020-06-01 00:00:00.000000',0.9,0,15,NULL,'买10送1',5,1,5000),(11,'旺仔牛奶',15,'好喝的旺仔牛奶','好喝的旺仔牛奶','食品','1','2020-06-01 00:00:00.000000','2020-06-01 00:00:00.000000',0.9,0,15,NULL,'买10送1',5,1,5000),(12,'旺仔牛奶',15,'好喝的旺仔牛奶','好喝的旺仔牛奶','食品','1','2020-06-01 00:00:00.000000','2020-06-01 00:00:00.000000',0.9,0,15,NULL,'买10送1',5,1,5000),(13,'旺仔牛奶',15,'好喝的旺仔牛奶','好喝的旺仔牛奶','食品','1','2020-06-01 00:00:00.000000','2020-06-01 00:00:00.000000',0.9,0,15,NULL,'买10送1',5,1,5000),(14,'旺仔牛奶',15,'好喝的旺仔牛奶','好喝的旺仔牛奶','食品','1','2020-06-01 00:00:00.000000','2020-06-01 00:00:00.000000',0.9,0,15,NULL,'买10送1',5,1,5000),(15,'旺仔牛奶',15,'好喝的旺仔牛奶','好喝的旺仔牛奶','食品','1','2020-06-01 00:00:00.000000','2020-06-01 00:00:00.000000',0.9,0,15,NULL,'买10送1',5,1,5000),(16,'旺仔牛奶',15,'好喝的旺仔牛奶','好喝的旺仔牛奶','食品','1','2020-06-01 00:00:00.000000','2020-06-01 00:00:00.000000',0.9,0,15,NULL,'买10送1',5,1,5000),(17,'旺仔牛奶',15,'好喝的旺仔牛奶','好喝的旺仔牛奶','食品','1','2020-06-01 00:00:00.000000','2020-06-01 00:00:00.000000',0.9,0,15,NULL,'买10送1',5,1,5000),(18,'旺仔牛奶',15,'好喝的旺仔牛奶','好喝的旺仔牛奶','食品','1','2020-06-01 00:00:00.000000','2020-06-01 00:00:00.000000',0.9,0,15,NULL,'买10送1',5,1,5000),(19,'旺仔牛奶',15,'好喝的旺仔牛奶','好喝的旺仔牛奶','食品','1','2020-06-01 00:00:00.000000','2020-06-01 00:00:00.000000',0.9,0,15,NULL,'买10送1',5,1,5000),(20,'旺仔牛奶',15,'好喝的旺仔牛奶','好喝的旺仔牛奶','食品','1','2020-06-01 00:00:00.000000','2020-06-01 00:00:00.000000',0.9,0,15,NULL,'买10送1',5,1,5000),(21,'旺仔牛奶',15,'好喝的旺仔牛奶','好喝的旺仔牛奶','食品','1','2020-06-01 00:00:00.000000','2020-06-01 00:00:00.000000',0.9,0,15,NULL,'买10送1',5,1,5000),(22,'旺仔牛奶',15,'好喝的旺仔牛奶','好喝的旺仔牛奶','食品','1','2020-06-01 00:00:00.000000','2020-06-01 00:00:00.000000',0.9,0,15,NULL,'买10送1',5,1,5000),(23,'旺仔牛奶',15,'好喝的旺仔牛奶','好喝的旺仔牛奶','食品','1','2020-06-01 00:00:00.000000','2020-06-01 00:00:00.000000',0.9,0,15,NULL,'买10送1',5,1,5000),(24,'旺仔牛奶',15,'好喝的旺仔牛奶','好喝的旺仔牛奶','食品','1','2020-06-01 00:00:00.000000','2020-06-01 00:00:00.000000',0.9,0,15,NULL,'买10送1',5,1,5000),(25,'旺仔牛奶',15,'好喝的旺仔牛奶','好喝的旺仔牛奶','食品','1','2020-06-01 00:00:00.000000','2020-06-01 00:00:00.000000',0.9,0,15,NULL,'买10送1',5,1,5000),(26,'旺仔牛奶',15,'好喝的旺仔牛奶','好喝的旺仔牛奶','食品','1','2020-06-01 00:00:00.000000','2020-06-01 00:00:00.000000',0.9,0,15,NULL,'买10送1',5,1,5000),(27,'旺仔牛奶',15,'好喝的旺仔牛奶','好喝的旺仔牛奶','食品','1','2020-06-01 00:00:00.000000','2020-06-01 00:00:00.000000',0.9,0,15,NULL,'买10送1',5,1,5000),(28,'旺仔牛奶',15,'好喝的旺仔牛奶','好喝的旺仔牛奶','食品','1','2020-06-01 00:00:00.000000','2020-06-01 00:00:00.000000',0.9,0,15,NULL,'买10送1',5,1,5000),(29,'旺仔牛奶',15,'好喝的旺仔牛奶','好喝的旺仔牛奶','食品','1','2020-06-01 00:00:00.000000','2020-06-01 00:00:00.000000',0.9,0,15,NULL,'买10送1',5,1,5000),(30,'旺仔牛奶',15,'好喝的旺仔牛奶','好喝的旺仔牛奶','食品','1','2020-06-01 00:00:00.000000','2020-06-01 00:00:00.000000',0.9,0,15,NULL,'买10送1',5,1,5000),(31,'旺仔牛奶',15,'好喝的旺仔牛奶','好喝的旺仔牛奶','食品','1','2020-06-01 00:00:00.000000','2020-06-01 00:00:00.000000',0.9,0,15,NULL,'买10送1',5,1,5000),(32,'旺仔牛奶',15,'好喝的旺仔牛奶','好喝的旺仔牛奶','食品','1','2020-06-01 00:00:00.000000','2020-06-01 00:00:00.000000',0.9,0,15,NULL,'买10送1',5,1,5000),(33,'旺仔牛奶',15,'好喝的旺仔牛奶','好喝的旺仔牛奶','食品','1','2020-06-01 00:00:00.000000','2020-06-01 00:00:00.000000',0.9,0,15,NULL,'买10送1',5,1,5000),(34,'旺仔牛奶',15,'好喝的旺仔牛奶','好喝的旺仔牛奶','食品','1','2020-06-01 00:00:00.000000','2020-06-01 00:00:00.000000',0.9,0,15,NULL,'买10送1',5,1,5000),(35,'旺仔牛奶',15,'好喝的旺仔牛奶','好喝的旺仔牛奶','食品','1','2020-06-01 00:00:00.000000','2020-06-01 00:00:00.000000',0.9,0,15,NULL,'买10送1',5,1,5000),(36,'旺仔牛奶',15,'好喝的旺仔牛奶','好喝的旺仔牛奶','食品','1','2020-06-01 00:00:00.000000','2020-06-01 00:00:00.000000',0.9,0,15,NULL,'买10送1',5,1,5000),(37,'旺仔牛奶',15,'好喝的旺仔牛奶','好喝的旺仔牛奶','食品','1','2020-06-01 00:00:00.000000','2020-06-01 00:00:00.000000',0.9,0,15,NULL,'买10送1',5,1,5000),(38,'旺仔牛奶',15,'好喝的旺仔牛奶','好喝的旺仔牛奶','食品','1','2020-06-01 00:00:00.000000','2020-06-01 00:00:00.000000',0.9,0,15,NULL,'买10送1',5,1,5000),(39,'旺仔牛奶',15,'好喝的旺仔牛奶','好喝的旺仔牛奶','食品','1','2020-06-01 00:00:00.000000','2020-06-01 00:00:00.000000',0.9,0,15,NULL,'买10送1',5,1,5000),(40,'旺仔牛奶',15,'好喝的旺仔牛奶','好喝的旺仔牛奶','食品','1','2020-06-01 00:00:00.000000','2020-06-01 00:00:00.000000',0.9,0,15,NULL,'买10送1',5,1,5000),(41,'旺仔牛奶',15,'好喝的旺仔牛奶','好喝的旺仔牛奶','食品','1','2020-06-01 00:00:00.000000','2020-06-01 00:00:00.000000',0.9,0,15,NULL,'买10送1',5,1,5000),(42,'旺仔牛奶',15,'好喝的旺仔牛奶','好喝的旺仔牛奶','食品','1','2020-06-01 00:00:00.000000','2020-06-01 00:00:00.000000',0.9,0,15,NULL,'买10送1',5,1,5000),(43,'旺仔牛奶',15,'好喝的旺仔牛奶','好喝的旺仔牛奶','食品','1','2020-06-01 00:00:00.000000','2020-06-01 00:00:00.000000',0.9,0,15,NULL,'买10送1',5,1,5000),(44,'旺仔牛奶',15,'好喝的旺仔牛奶','好喝的旺仔牛奶','食品','1','2020-06-01 00:00:00.000000','2020-06-01 00:00:00.000000',0.9,0,15,NULL,'买10送1',5,1,5000),(45,'旺仔牛奶',15,'好喝的旺仔牛奶','好喝的旺仔牛奶','食品','1','2020-06-01 00:00:00.000000','2020-06-01 00:00:00.000000',0.9,0,15,NULL,'买10送1',5,1,5000),(46,'旺仔牛奶',15,'好喝的旺仔牛奶','好喝的旺仔牛奶','食品','1','2020-06-01 00:00:00.000000','2020-06-01 00:00:00.000000',0.9,0,15,NULL,'买10送1',5,1,5000),(47,'旺仔牛奶',15,'好喝的旺仔牛奶','好喝的旺仔牛奶','食品','1','2020-06-01 00:00:00.000000','2020-06-01 00:00:00.000000',0.9,0,15,NULL,'买10送1',5,1,5000),(48,'旺仔牛奶',15,'好喝的旺仔牛奶','好喝的旺仔牛奶','食品','1','2020-06-01 00:00:00.000000','2020-06-01 00:00:00.000000',0.9,0,15,NULL,'买10送1',5,1,5000),(49,'旺仔牛奶',15,'好喝的旺仔牛奶','好喝的旺仔牛奶','食品','1','2020-06-01 00:00:00.000000','2020-06-01 00:00:00.000000',0.9,0,15,NULL,'买10送1',5,1,5000),(50,'旺仔牛奶',15,'好喝的旺仔牛奶','好喝的旺仔牛奶','食品','1','2020-06-01 00:00:00.000000','2020-06-01 00:00:00.000000',0.9,0,15,NULL,'买10送1',5,1,5000),(51,'旺仔牛奶',15,'好喝的旺仔牛奶','好喝的旺仔牛奶','食品','1','2020-06-01 00:00:00.000000','2020-06-01 00:00:00.000000',0.9,0,15,NULL,'买10送1',5,1,5000),(52,'旺仔牛奶',15,'好喝的旺仔牛奶','好喝的旺仔牛奶','食品','1','2020-06-01 00:00:00.000000','2020-06-01 00:00:00.000000',0.9,0,15,NULL,'买10送1',5,1,5000),(53,'旺仔牛奶',15,'好喝的旺仔牛奶','好喝的旺仔牛奶','食品','1','2020-06-01 00:00:00.000000','2020-06-01 00:00:00.000000',0.9,0,15,NULL,'买10送1',5,1,5000),(54,'旺仔牛奶',15,'好喝的旺仔牛奶','好喝的旺仔牛奶','食品','1','2020-06-01 00:00:00.000000','2020-06-01 00:00:00.000000',0.9,0,15,NULL,'买10送1',5,1,5000),(55,'旺仔牛奶',15,'好喝的旺仔牛奶','好喝的旺仔牛奶','食品','1','2020-06-01 00:00:00.000000','2020-06-01 00:00:00.000000',0.9,0,15,NULL,'买10送1',5,1,5000),(56,'旺仔牛奶',15,'好喝的旺仔牛奶','好喝的旺仔牛奶','食品','1','2020-06-01 00:00:00.000000','2020-06-01 00:00:00.000000',0.9,0,15,NULL,'买10送1',5,1,5000),(57,'旺仔牛奶',15,'好喝的旺仔牛奶','好喝的旺仔牛奶','食品','1','2020-06-01 00:00:00.000000','2020-06-01 00:00:00.000000',0.9,0,15,NULL,'买10送1',5,1,5000),(58,'旺仔牛奶',15,'好喝的旺仔牛奶','好喝的旺仔牛奶','食品','1','2020-06-01 00:00:00.000000','2020-06-01 00:00:00.000000',0.9,0,15,NULL,'买10送1',5,1,5000),(59,'旺仔牛奶',15,'好喝的旺仔牛奶','好喝的旺仔牛奶','食品','1','2020-06-01 00:00:00.000000','2020-06-01 00:00:00.000000',0.9,0,15,NULL,'买10送1',5,1,5000),(60,'旺仔牛奶',15,'好喝的旺仔牛奶','好喝的旺仔牛奶','食品','1','2020-06-01 00:00:00.000000','2020-06-01 00:00:00.000000',0.9,0,15,NULL,'买10送1',5,1,5000),(61,'旺仔牛奶',15,'好喝的旺仔牛奶','好喝的旺仔牛奶','食品','1','2020-06-01 00:00:00.000000','2020-06-01 00:00:00.000000',0.9,0,15,NULL,'买10送1',5,1,5000),(62,'旺仔牛奶',15,'好喝的旺仔牛奶','好喝的旺仔牛奶','食品','1','2020-06-01 00:00:00.000000','2020-06-01 00:00:00.000000',0.9,0,15,NULL,'买10送1',5,1,5000),(63,'旺仔牛奶',15,'好喝的旺仔牛奶','好喝的旺仔牛奶','食品','1','2020-06-01 00:00:00.000000','2020-06-01 00:00:00.000000',0.9,0,15,NULL,'买10送1',5,1,5000),(64,'旺仔牛奶',15,'好喝的旺仔牛奶','好喝的旺仔牛奶','食品','1','2020-06-01 00:00:00.000000','2020-06-01 00:00:00.000000',0.9,0,15,NULL,'买10送1',5,1,5000),(65,'旺仔牛奶',15,'好喝的旺仔牛奶','好喝的旺仔牛奶','食品','1','2020-06-01 00:00:00.000000','2020-06-01 00:00:00.000000',0.9,0,15,NULL,'买10送1',5,1,5000),(66,'旺仔牛奶',15,'好喝的旺仔牛奶','好喝的旺仔牛奶','食品','1','2020-06-01 00:00:00.000000','2020-06-01 00:00:00.000000',0.9,0,15,NULL,'买10送1',5,1,5000),(67,'旺仔牛奶',15,'好喝的旺仔牛奶','好喝的旺仔牛奶','食品','1','2020-06-01 00:00:00.000000','2020-06-01 00:00:00.000000',0.9,0,15,NULL,'买10送1',5,1,5000),(68,'旺仔牛奶',15,'好喝的旺仔牛奶','好喝的旺仔牛奶','食品','1','2020-06-01 00:00:00.000000','2020-06-01 00:00:00.000000',0.9,0,15,NULL,'买10送1',5,1,5000),(69,'旺仔牛奶',15,'好喝的旺仔牛奶','好喝的旺仔牛奶','食品','1','2020-06-01 00:00:00.000000','2020-06-01 00:00:00.000000',0.9,0,15,NULL,'买10送1',5,1,5000),(70,'旺仔牛奶',15,'好喝的旺仔牛奶','好喝的旺仔牛奶','食品','1','2020-06-01 00:00:00.000000','2020-06-01 00:00:00.000000',0.9,0,15,NULL,'买10送1',5,1,5000),(71,'旺仔牛奶',15,'好喝的旺仔牛奶','好喝的旺仔牛奶','食品','1','2020-06-01 00:00:00.000000','2020-06-01 00:00:00.000000',0.9,0,15,NULL,'买10送1',5,1,5000),(72,'旺仔牛奶',15,'好喝的旺仔牛奶','好喝的旺仔牛奶','食品','1','2020-06-01 00:00:00.000000','2020-06-01 00:00:00.000000',0.9,0,15,NULL,'买10送1',5,1,5000),(73,'旺仔牛奶',15,'好喝的旺仔牛奶','好喝的旺仔牛奶','食品','1','2020-06-01 00:00:00.000000','2020-06-01 00:00:00.000000',0.9,0,15,NULL,'买10送1',5,1,5000),(74,'旺仔牛奶',15,'好喝的旺仔牛奶','好喝的旺仔牛奶','食品','1','2020-06-01 00:00:00.000000','2020-06-01 00:00:00.000000',0.9,0,15,NULL,'买10送1',5,1,5000),(75,'旺仔牛奶',15,'好喝的旺仔牛奶','好喝的旺仔牛奶','食品','1','2020-06-01 00:00:00.000000','2020-06-01 00:00:00.000000',0.9,0,15,NULL,'买10送1',5,1,5000),(76,'旺仔牛奶',15,'好喝的旺仔牛奶','好喝的旺仔牛奶','食品','1','2020-06-01 00:00:00.000000','2020-06-01 00:00:00.000000',0.9,0,15,NULL,'买10送1',5,1,5000),(77,'旺仔牛奶',15,'好喝的旺仔牛奶','好喝的旺仔牛奶','食品','1','2020-06-01 00:00:00.000000','2020-06-01 00:00:00.000000',0.9,0,15,NULL,'买10送1',5,1,5000),(78,'旺仔牛奶',15,'好喝的旺仔牛奶','好喝的旺仔牛奶','食品','1','2020-06-01 00:00:00.000000','2020-06-01 00:00:00.000000',0.9,0,15,NULL,'买10送1',5,1,5000),(79,'旺仔牛奶',15,'好喝的旺仔牛奶','好喝的旺仔牛奶','食品','1','2020-06-01 00:00:00.000000','2020-06-01 00:00:00.000000',0.9,0,15,NULL,'买10送1',5,1,5000),(80,'旺仔牛奶',15,'好喝的旺仔牛奶','好喝的旺仔牛奶','食品','1','2020-06-01 00:00:00.000000','2020-06-01 00:00:00.000000',0.9,0,15,NULL,'买10送1',5,1,5000),(81,'旺仔牛奶',15,'好喝的旺仔牛奶','好喝的旺仔牛奶','食品','1','2020-06-01 00:00:00.000000','2020-06-01 00:00:00.000000',0.9,0,15,NULL,'买10送1',5,1,5000),(82,'旺仔牛奶',15,'好喝的旺仔牛奶','好喝的旺仔牛奶','食品','1','2020-06-01 00:00:00.000000','2020-06-01 00:00:00.000000',0.9,0,15,NULL,'买10送1',5,1,5000),(83,'旺仔牛奶',15,'好喝的旺仔牛奶','好喝的旺仔牛奶','食品','1','2020-06-01 00:00:00.000000','2020-06-01 00:00:00.000000',0.9,0,15,NULL,'买10送1',5,1,5000),(84,'旺仔牛奶',15,'好喝的旺仔牛奶','好喝的旺仔牛奶','食品','1','2020-06-01 00:00:00.000000','2020-06-01 00:00:00.000000',0.9,0,15,NULL,'买10送1',5,1,5000),(85,'旺仔牛奶',15,'好喝的旺仔牛奶','好喝的旺仔牛奶','食品','1','2020-06-01 00:00:00.000000','2020-06-01 00:00:00.000000',0.9,0,15,NULL,'买10送1',5,1,5000),(86,'旺仔牛奶',15,'好喝的旺仔牛奶','好喝的旺仔牛奶','食品','1','2020-06-01 00:00:00.000000','2020-06-01 00:00:00.000000',0.9,0,15,NULL,'买10送1',5,1,5000),(87,'旺仔牛奶',15,'好喝的旺仔牛奶','好喝的旺仔牛奶','食品','1','2020-06-01 00:00:00.000000','2020-06-01 00:00:00.000000',0.9,0,15,NULL,'买10送1',5,1,5000),(88,'旺仔牛奶',15,'好喝的旺仔牛奶','好喝的旺仔牛奶','食品','1','2020-06-01 00:00:00.000000','2020-06-01 00:00:00.000000',0.9,0,15,NULL,'买10送1',5,1,5000),(89,'旺仔牛奶',15,'好喝的旺仔牛奶','好喝的旺仔牛奶','食品','1','2020-06-01 00:00:00.000000','2020-06-01 00:00:00.000000',0.9,0,15,NULL,'买10送1',5,1,5000),(90,'旺仔牛奶',15,'好喝的旺仔牛奶','好喝的旺仔牛奶','食品','1','2020-06-01 00:00:00.000000','2020-06-01 00:00:00.000000',0.9,0,15,NULL,'买10送1',5,1,5000),(91,'旺仔牛奶',15,'好喝的旺仔牛奶','好喝的旺仔牛奶','食品','1','2020-06-01 00:00:00.000000','2020-06-01 00:00:00.000000',0.9,0,15,NULL,'买10送1',5,1,5000),(92,'旺仔牛奶',15,'好喝的旺仔牛奶','好喝的旺仔牛奶','食品','1','2020-06-01 00:00:00.000000','2020-06-01 00:00:00.000000',0.9,0,15,NULL,'买10送1',5,1,5000),(93,'旺仔牛奶',15,'好喝的旺仔牛奶','好喝的旺仔牛奶','食品','1','2020-06-01 00:00:00.000000','2020-06-01 00:00:00.000000',0.9,0,15,NULL,'买10送1',5,1,5000),(94,'旺仔牛奶',15,'好喝的旺仔牛奶','好喝的旺仔牛奶','食品','1','2020-06-01 00:00:00.000000','2020-06-01 00:00:00.000000',0.9,0,15,NULL,'买10送1',5,1,5000),(95,'旺仔牛奶',15,'好喝的旺仔牛奶','好喝的旺仔牛奶','食品','1','2020-06-01 00:00:00.000000','2020-06-01 00:00:00.000000',0.9,0,15,NULL,'买10送1',5,1,5000),(96,'旺仔牛奶',15,'好喝的旺仔牛奶','好喝的旺仔牛奶','食品','1','2020-06-01 00:00:00.000000','2020-06-01 00:00:00.000000',0.9,0,15,NULL,'买10送1',5,1,5000),(97,'旺仔牛奶',15,'好喝的旺仔牛奶','好喝的旺仔牛奶','食品','1','2020-06-01 00:00:00.000000','2020-06-01 00:00:00.000000',0.9,0,15,NULL,'买10送1',5,1,5000),(98,'旺仔牛奶',15,'好喝的旺仔牛奶','好喝的旺仔牛奶','食品','1','2020-06-01 00:00:00.000000','2020-06-01 00:00:00.000000',0.9,0,15,NULL,'买10送1',5,1,5000),(99,'旺仔牛奶',15,'好喝的旺仔牛奶','好喝的旺仔牛奶','食品','1','2020-06-01 00:00:00.000000','2020-06-01 00:00:00.000000',0.9,0,15,NULL,'买10送1',5,1,5000),(100,'旺仔牛奶',15,'好喝的旺仔牛奶','好喝的旺仔牛奶','食品','1','2020-06-01 00:00:00.000000','2020-06-01 00:00:00.000000',0.9,0,15,NULL,'买10送1',5,1,5000),(101,'旺仔牛奶',15,'好喝的旺仔牛奶','好喝的旺仔牛奶','食品','1','2020-06-01 00:00:00.000000','2020-06-01 00:00:00.000000',0.9,0,15,NULL,'买10送1',5,1,5000),(102,'旺仔牛奶',15,'好喝的旺仔牛奶','好喝的旺仔牛奶','食品','1','2020-06-01 00:00:00.000000','2020-06-01 00:00:00.000000',0.9,0,15,NULL,'买10送1',5,1,5000),(103,'旺仔牛奶',15,'好喝的旺仔牛奶','好喝的旺仔牛奶','食品','1','2020-06-01 00:00:00.000000','2020-06-01 00:00:00.000000',0.9,0,15,NULL,'买10送1',5,1,5000),(104,'旺仔牛奶',15,'好喝的旺仔牛奶','好喝的旺仔牛奶','食品','1','2020-06-01 00:00:00.000000','2020-06-01 00:00:00.000000',0.9,0,15,NULL,'买10送1',5,1,5000),(105,'旺仔牛奶',15,'好喝的旺仔牛奶','好喝的旺仔牛奶','食品','1','2020-06-01 00:00:00.000000','2020-06-01 00:00:00.000000',0.9,0,15,NULL,'买10送1',5,1,5000),(106,'旺仔牛奶',15,'好喝的旺仔牛奶','好喝的旺仔牛奶','食品','1','2020-06-01 00:00:00.000000','2020-06-01 00:00:00.000000',0.9,0,15,NULL,'买10送1',5,1,5000),(107,'旺仔牛奶',15,'好喝的旺仔牛奶','好喝的旺仔牛奶','食品','1','2020-06-01 00:00:00.000000','2020-06-01 00:00:00.000000',0.9,0,15,NULL,'买10送1',5,1,5000),(108,'旺仔牛奶',15,'好喝的旺仔牛奶','好喝的旺仔牛奶','食品','1','2020-06-01 00:00:00.000000','2020-06-01 00:00:00.000000',0.9,0,15,NULL,'买10送1',5,1,5000),(109,'旺仔牛奶',15,'好喝的旺仔牛奶','好喝的旺仔牛奶','食品','1','2020-06-01 00:00:00.000000','2020-06-01 00:00:00.000000',0.9,0,15,NULL,'买10送1',5,1,5000),(110,'旺仔牛奶',15,'好喝的旺仔牛奶','好喝的旺仔牛奶','食品','1','2020-06-01 00:00:00.000000','2020-06-01 00:00:00.000000',0.9,0,15,NULL,'买10送1',5,1,5000),(111,'旺仔牛奶',15,'好喝的旺仔牛奶','好喝的旺仔牛奶','食品','1','2020-06-01 00:00:00.000000','2020-06-01 00:00:00.000000',0.9,0,15,NULL,'买10送1',5,1,5000),(112,'旺仔牛奶',15,'好喝的旺仔牛奶','好喝的旺仔牛奶','食品','1','2020-06-01 00:00:00.000000','2020-06-01 00:00:00.000000',0.9,0,15,NULL,'买10送1',5,1,5000),(113,'旺仔牛奶',15,'好喝的旺仔牛奶','好喝的旺仔牛奶','食品','1','2020-06-01 00:00:00.000000','2020-06-01 00:00:00.000000',0.9,0,15,NULL,'买10送1',5,1,5000),(114,'旺仔牛奶',15,'好喝的旺仔牛奶','好喝的旺仔牛奶','食品','1','2020-06-01 00:00:00.000000','2020-06-01 00:00:00.000000',0.9,0,15,NULL,'买10送1',5,1,5000),(115,'旺仔牛奶',15,'好喝的旺仔牛奶','好喝的旺仔牛奶','食品','1','2020-06-01 00:00:00.000000','2020-06-01 00:00:00.000000',0.9,0,15,NULL,'买10送1',5,1,5000),(116,'旺仔牛奶',15,'好喝的旺仔牛奶','好喝的旺仔牛奶','食品','1','2020-06-01 00:00:00.000000','2020-06-01 00:00:00.000000',0.9,0,15,NULL,'买10送1',5,1,5000),(117,'旺仔牛奶',15,'好喝的旺仔牛奶','好喝的旺仔牛奶','食品','1','2020-06-01 00:00:00.000000','2020-06-01 00:00:00.000000',0.9,0,15,NULL,'买10送1',5,1,5000),(118,'旺仔牛奶',15,'好喝的旺仔牛奶','好喝的旺仔牛奶','食品','1','2020-06-01 00:00:00.000000','2020-06-01 00:00:00.000000',0.9,0,15,NULL,'买10送1',5,1,5000),(119,'旺仔牛奶',15,'好喝的旺仔牛奶','好喝的旺仔牛奶','食品','1','2020-06-01 00:00:00.000000','2020-06-01 00:00:00.000000',0.9,0,15,NULL,'买10送1',5,1,5000),(120,'旺仔牛奶',15,'好喝的旺仔牛奶','好喝的旺仔牛奶','食品','1','2020-06-01 00:00:00.000000','2020-06-01 00:00:00.000000',0.9,0,15,NULL,'买10送1',5,1,5000),(121,'旺仔牛奶',15,'好喝的旺仔牛奶','好喝的旺仔牛奶','食品','1','2020-06-01 00:00:00.000000','2020-06-01 00:00:00.000000',0.9,0,15,NULL,'买10送1',5,1,5000),(122,'旺仔牛奶',15,'好喝的旺仔牛奶','好喝的旺仔牛奶','食品','1','2020-06-01 00:00:00.000000','2020-06-01 00:00:00.000000',0.9,0,15,NULL,'买10送1',5,1,5000),(123,'旺仔牛奶',15,'好喝的旺仔牛奶','好喝的旺仔牛奶','食品','1','2020-06-01 00:00:00.000000','2020-06-01 00:00:00.000000',0.9,0,15,NULL,'买10送1',5,1,5000),(124,'旺仔牛奶',15,'好喝的旺仔牛奶','好喝的旺仔牛奶','食品','1','2020-06-01 00:00:00.000000','2020-06-01 00:00:00.000000',0.9,0,15,NULL,'买10送1',5,1,5000),(125,'旺仔牛奶',15,'好喝的旺仔牛奶','好喝的旺仔牛奶','食品','1','2020-06-01 00:00:00.000000','2020-06-01 00:00:00.000000',0.9,0,15,NULL,'买10送1',5,1,5000),(126,'旺仔牛奶',15,'好喝的旺仔牛奶','好喝的旺仔牛奶','食品','1','2020-06-01 00:00:00.000000','2020-06-01 00:00:00.000000',0.9,0,15,NULL,'买10送1',5,1,5000),(127,'旺仔牛奶',15,'好喝的旺仔牛奶','好喝的旺仔牛奶','食品','1','2020-06-01 00:00:00.000000','2020-06-01 00:00:00.000000',0.9,0,15,NULL,'买10送1',5,1,5000),(128,'旺仔牛奶',15,'好喝的旺仔牛奶','好喝的旺仔牛奶','食品','1','2020-06-01 00:00:00.000000','2020-06-01 00:00:00.000000',0.9,0,15,NULL,'买10送1',5,1,5000),(129,'旺仔牛奶',15,'好喝的旺仔牛奶','好喝的旺仔牛奶','食品','1','2020-06-01 00:00:00.000000','2020-06-01 00:00:00.000000',0.9,0,15,NULL,'买10送1',5,1,5000),(130,'旺仔牛奶',15,'好喝的旺仔牛奶','好喝的旺仔牛奶','食品','1','2020-06-01 00:00:00.000000','2020-06-01 00:00:00.000000',0.9,0,15,NULL,'买10送1',5,1,5000),(131,'旺仔牛奶',15,'好喝的旺仔牛奶','好喝的旺仔牛奶','食品','1','2020-06-01 00:00:00.000000','2020-06-01 00:00:00.000000',0.9,0,15,NULL,'买10送1',5,1,5000),(132,'旺仔牛奶',15,'好喝的旺仔牛奶','好喝的旺仔牛奶','食品','1','2020-06-01 00:00:00.000000','2020-06-01 00:00:00.000000',0.9,0,15,NULL,'买10送1',5,1,5000),(133,'旺仔牛奶',15,'好喝的旺仔牛奶','好喝的旺仔牛奶','食品','1','2020-06-01 00:00:00.000000','2020-06-01 00:00:00.000000',0.9,0,15,NULL,'买10送1',5,1,5000),(134,'旺仔牛奶',15,'好喝的旺仔牛奶','好喝的旺仔牛奶','食品','1','2020-06-01 00:00:00.000000','2020-06-01 00:00:00.000000',0.9,0,15,NULL,'买10送1',5,1,5000),(135,'旺仔牛奶',15,'好喝的旺仔牛奶','好喝的旺仔牛奶','食品','1','2020-06-01 00:00:00.000000','2020-06-01 00:00:00.000000',0.9,0,15,NULL,'买10送1',5,1,5000),(136,'旺仔牛奶',15,'好喝的旺仔牛奶','好喝的旺仔牛奶','食品','1','2020-06-01 00:00:00.000000','2020-06-01 00:00:00.000000',0.9,0,15,NULL,'买10送1',5,1,5000),(137,'旺仔牛奶',15,'好喝的旺仔牛奶','好喝的旺仔牛奶','食品','1','2020-06-01 00:00:00.000000','2020-06-01 00:00:00.000000',0.9,0,15,NULL,'买10送1',5,1,5000),(138,'旺仔牛奶',15,'好喝的旺仔牛奶','好喝的旺仔牛奶','食品','1','2020-06-01 00:00:00.000000','2020-06-01 00:00:00.000000',0.9,0,15,NULL,'买10送1',5,1,5000),(139,'旺仔牛奶',15,'好喝的旺仔牛奶','好喝的旺仔牛奶','食品','1','2020-06-01 00:00:00.000000','2020-06-01 00:00:00.000000',0.9,0,15,NULL,'买10送1',5,1,5000),(140,'旺仔牛奶',15,'好喝的旺仔牛奶','好喝的旺仔牛奶','食品','1','2020-06-01 00:00:00.000000','2020-06-01 00:00:00.000000',0.9,0,15,NULL,'买10送1',5,1,5000),(141,'旺仔牛奶',15,'好喝的旺仔牛奶','好喝的旺仔牛奶','食品','1','2020-06-01 00:00:00.000000','2020-06-01 00:00:00.000000',0.9,0,15,NULL,'买10送1',5,1,5000),(142,'旺仔牛奶',15,'好喝的旺仔牛奶','好喝的旺仔牛奶','食品','1','2020-06-01 00:00:00.000000','2020-06-01 00:00:00.000000',0.9,0,15,NULL,'买10送1',5,1,5000),(143,'旺仔牛奶',15,'好喝的旺仔牛奶','好喝的旺仔牛奶','食品','1','2020-06-01 00:00:00.000000','2020-06-01 00:00:00.000000',0.9,0,15,NULL,'买10送1',5,1,5000),(144,'旺仔牛奶',15,'好喝的旺仔牛奶','好喝的旺仔牛奶','食品','1','2020-06-01 00:00:00.000000','2020-06-01 00:00:00.000000',0.9,0,15,NULL,'买10送1',5,1,5000),(145,'旺仔牛奶',15,'好喝的旺仔牛奶','好喝的旺仔牛奶','食品','1','2020-06-01 00:00:00.000000','2020-06-01 00:00:00.000000',0.9,0,15,NULL,'买10送1',5,1,5000),(146,'旺仔牛奶',15,'好喝的旺仔牛奶','好喝的旺仔牛奶','食品','1','2020-06-01 00:00:00.000000','2020-06-01 00:00:00.000000',0.9,0,15,NULL,'买10送1',5,1,5000),(147,'旺仔牛奶',15,'好喝的旺仔牛奶','好喝的旺仔牛奶','食品','1','2020-06-01 00:00:00.000000','2020-06-01 00:00:00.000000',0.9,0,15,NULL,'买10送1',5,1,5000),(148,'旺仔牛奶',15,'好喝的旺仔牛奶','好喝的旺仔牛奶','食品','1','2020-06-01 00:00:00.000000','2020-06-01 00:00:00.000000',0.9,0,15,NULL,'买10送1',5,1,5000),(149,'旺仔牛奶',15,'好喝的旺仔牛奶','好喝的旺仔牛奶','食品','1','2020-06-01 00:00:00.000000','2020-06-01 00:00:00.000000',0.9,0,15,NULL,'买10送1',5,1,5000),(150,'旺仔牛奶',15,'好喝的旺仔牛奶','好喝的旺仔牛奶','食品','1','2020-06-01 00:00:00.000000','2020-06-01 00:00:00.000000',0.9,0,15,NULL,'买10送1',5,1,5000),(151,'旺仔牛奶',15,'好喝的旺仔牛奶','好喝的旺仔牛奶','食品','1','2020-06-01 00:00:00.000000','2020-06-01 00:00:00.000000',0.9,0,15,NULL,'买10送1',5,1,5000),(152,'旺仔牛奶',15,'好喝的旺仔牛奶','好喝的旺仔牛奶','食品','1','2020-06-01 00:00:00.000000','2020-06-01 00:00:00.000000',0.9,0,15,NULL,'买10送1',5,1,5000),(153,'旺仔牛奶',15,'好喝的旺仔牛奶','好喝的旺仔牛奶','食品','1','2020-06-01 00:00:00.000000','2020-06-01 00:00:00.000000',0.9,0,15,NULL,'买10送1',5,1,5000),(154,'旺仔牛奶',15,'好喝的旺仔牛奶','好喝的旺仔牛奶','食品','1','2020-06-01 00:00:00.000000','2020-06-01 00:00:00.000000',0.9,0,15,NULL,'买10送1',5,1,5000),(155,'旺仔牛奶',15,'好喝的旺仔牛奶','好喝的旺仔牛奶','食品','1','2020-06-01 00:00:00.000000','2020-06-01 00:00:00.000000',0.9,0,15,NULL,'买10送1',5,1,5000),(156,'旺仔牛奶',15,'好喝的旺仔牛奶','好喝的旺仔牛奶','食品','1','2020-06-01 00:00:00.000000','2020-06-01 00:00:00.000000',0.9,0,15,NULL,'买10送1',5,1,5000),(157,'旺仔牛奶',15,'好喝的旺仔牛奶','好喝的旺仔牛奶','食品','1','2020-06-01 00:00:00.000000','2020-06-01 00:00:00.000000',0.9,0,15,NULL,'买10送1',5,1,5000),(158,'旺仔牛奶',15,'好喝的旺仔牛奶','好喝的旺仔牛奶','食品','1','2020-06-01 00:00:00.000000','2020-06-01 00:00:00.000000',0.9,0,15,NULL,'买10送1',5,1,5000),(159,'旺仔牛奶',15,'好喝的旺仔牛奶','好喝的旺仔牛奶','食品','1','2020-06-01 00:00:00.000000','2020-06-01 00:00:00.000000',0.9,0,15,NULL,'买10送1',5,1,5000),(160,'旺仔牛奶',15,'好喝的旺仔牛奶','好喝的旺仔牛奶','食品','1','2020-06-01 00:00:00.000000','2020-06-01 00:00:00.000000',0.9,0,15,NULL,'买10送1',5,1,5000),(161,'旺仔牛奶',15,'好喝的旺仔牛奶','好喝的旺仔牛奶','食品','1','2020-06-01 00:00:00.000000','2020-06-01 00:00:00.000000',0.9,0,15,NULL,'买10送1',5,1,5000),(162,'旺仔牛奶',15,'好喝的旺仔牛奶','好喝的旺仔牛奶','食品','1','2020-06-01 00:00:00.000000','2020-06-01 00:00:00.000000',0.9,0,15,NULL,'买10送1',5,1,5000),(163,'旺仔牛奶',15,'好喝的旺仔牛奶','好喝的旺仔牛奶','食品','1','2020-06-01 00:00:00.000000','2020-06-01 00:00:00.000000',0.9,0,15,NULL,'买10送1',5,1,5000),(164,'旺仔牛奶',15,'好喝的旺仔牛奶','好喝的旺仔牛奶','食品','1','2020-06-01 00:00:00.000000','2020-06-01 00:00:00.000000',0.9,0,15,NULL,'买10送1',5,1,5000),(165,'旺仔牛奶',15,'好喝的旺仔牛奶','好喝的旺仔牛奶','食品','1','2020-06-01 00:00:00.000000','2020-06-01 00:00:00.000000',0.9,0,15,NULL,'买10送1',5,1,5000),(166,'旺仔牛奶',15,'好喝的旺仔牛奶','好喝的旺仔牛奶','食品','1','2020-06-01 00:00:00.000000','2020-06-01 00:00:00.000000',0.9,0,15,NULL,'买10送1',5,1,5000),(167,'旺仔牛奶',15,'好喝的旺仔牛奶','好喝的旺仔牛奶','食品','1','2020-06-01 00:00:00.000000','2020-06-01 00:00:00.000000',0.9,0,15,NULL,'买10送1',5,1,5000),(168,'旺仔牛奶',15,'好喝的旺仔牛奶','好喝的旺仔牛奶','食品','1','2020-06-01 00:00:00.000000','2020-06-01 00:00:00.000000',0.9,0,15,NULL,'买10送1',5,1,5000),(169,'旺仔牛奶',15,'好喝的旺仔牛奶','好喝的旺仔牛奶','食品','1','2020-06-01 00:00:00.000000','2020-06-01 00:00:00.000000',0.9,0,15,NULL,'买10送1',5,1,5000),(170,'旺仔牛奶',15,'好喝的旺仔牛奶','好喝的旺仔牛奶','食品','1','2020-06-01 00:00:00.000000','2020-06-01 00:00:00.000000',0.9,0,15,NULL,'买10送1',5,1,5000),(171,'旺仔牛奶',15,'好喝的旺仔牛奶','好喝的旺仔牛奶','食品','1','2020-06-01 00:00:00.000000','2020-06-01 00:00:00.000000',0.9,0,15,NULL,'买10送1',5,1,5000),(172,'旺仔牛奶',15,'好喝的旺仔牛奶','好喝的旺仔牛奶','食品','1','2020-06-01 00:00:00.000000','2020-06-01 00:00:00.000000',0.9,0,15,NULL,'买10送1',5,1,5000),(173,'旺仔牛奶',15,'好喝的旺仔牛奶','好喝的旺仔牛奶','食品','1','2020-06-01 00:00:00.000000','2020-06-01 00:00:00.000000',0.9,0,15,NULL,'买10送1',5,1,5000),(174,'旺仔牛奶',15,'好喝的旺仔牛奶','好喝的旺仔牛奶','食品','1','2020-06-01 00:00:00.000000','2020-06-01 00:00:00.000000',0.9,0,15,NULL,'买10送1',5,1,5000),(175,'旺仔牛奶',15,'好喝的旺仔牛奶','好喝的旺仔牛奶','食品','1','2020-06-01 00:00:00.000000','2020-06-01 00:00:00.000000',0.9,0,15,NULL,'买10送1',5,1,5000),(176,'旺仔牛奶',15,'好喝的旺仔牛奶','好喝的旺仔牛奶','食品','1','2020-06-01 00:00:00.000000','2020-06-01 00:00:00.000000',0.9,0,15,NULL,'买10送1',5,1,5000),(177,'旺仔牛奶',15,'好喝的旺仔牛奶','好喝的旺仔牛奶','食品','1','2020-06-01 00:00:00.000000','2020-06-01 00:00:00.000000',0.9,0,15,NULL,'买10送1',5,1,5000),(178,'旺仔牛奶',15,'好喝的旺仔牛奶','好喝的旺仔牛奶','食品','1','2020-06-01 00:00:00.000000','2020-06-01 00:00:00.000000',0.9,0,15,NULL,'买10送1',5,1,5000),(179,'旺仔牛奶',15,'好喝的旺仔牛奶','好喝的旺仔牛奶','食品','1','2020-06-01 00:00:00.000000','2020-06-01 00:00:00.000000',0.9,0,15,NULL,'买10送1',5,1,5000),(180,'旺仔牛奶',15,'好喝的旺仔牛奶','好喝的旺仔牛奶','食品','1','2020-06-01 00:00:00.000000','2020-06-01 00:00:00.000000',0.9,0,15,NULL,'买10送1',5,1,5000),(181,'旺仔牛奶',15,'好喝的旺仔牛奶','好喝的旺仔牛奶','食品','1','2020-06-01 00:00:00.000000','2020-06-01 00:00:00.000000',0.9,0,15,NULL,'买10送1',5,1,5000),(182,'旺仔牛奶',15,'好喝的旺仔牛奶','好喝的旺仔牛奶','食品','1','2020-06-01 00:00:00.000000','2020-06-01 00:00:00.000000',0.9,0,15,NULL,'买10送1',5,1,5000),(183,'旺仔牛奶',15,'好喝的旺仔牛奶','好喝的旺仔牛奶','食品','1','2020-06-01 00:00:00.000000','2020-06-01 00:00:00.000000',0.9,0,15,NULL,'买10送1',5,1,5000),(184,'旺仔牛奶',15,'好喝的旺仔牛奶','好喝的旺仔牛奶','食品','1','2020-06-01 00:00:00.000000','2020-06-01 00:00:00.000000',0.9,0,15,NULL,'买10送1',5,1,5000),(185,'旺仔牛奶',15,'好喝的旺仔牛奶','好喝的旺仔牛奶','食品','1','2020-06-01 00:00:00.000000','2020-06-01 00:00:00.000000',0.9,0,15,NULL,'买10送1',5,1,5000),(186,'旺仔牛奶',15,'好喝的旺仔牛奶','好喝的旺仔牛奶','食品','1','2020-06-01 00:00:00.000000','2020-06-01 00:00:00.000000',0.9,0,15,NULL,'买10送1',5,1,5000),(187,'旺仔牛奶',15,'好喝的旺仔牛奶','好喝的旺仔牛奶','食品','1','2020-06-01 00:00:00.000000','2020-06-01 00:00:00.000000',0.9,0,15,NULL,'买10送1',5,1,5000),(188,'旺仔牛奶',15,'好喝的旺仔牛奶','好喝的旺仔牛奶','食品','1','2020-06-01 00:00:00.000000','2020-06-01 00:00:00.000000',0.9,0,15,NULL,'买10送1',5,1,5000),(189,'旺仔牛奶',15,'好喝的旺仔牛奶','好喝的旺仔牛奶','食品','1','2020-06-01 00:00:00.000000','2020-06-01 00:00:00.000000',0.9,0,15,NULL,'买10送1',5,1,5000),(190,'旺仔牛奶',15,'好喝的旺仔牛奶','好喝的旺仔牛奶','食品','1','2020-06-01 00:00:00.000000','2020-06-01 00:00:00.000000',0.9,0,15,NULL,'买10送1',5,1,5000),(191,'旺仔牛奶',15,'好喝的旺仔牛奶','好喝的旺仔牛奶','食品','1','2020-06-01 00:00:00.000000','2020-06-01 00:00:00.000000',0.9,0,15,NULL,'买10送1',5,1,5000),(192,'旺仔牛奶',15,'好喝的旺仔牛奶','好喝的旺仔牛奶','食品','1','2020-06-01 00:00:00.000000','2020-06-01 00:00:00.000000',0.9,0,15,NULL,'买10送1',5,1,5000),(193,'旺仔牛奶',15,'好喝的旺仔牛奶','好喝的旺仔牛奶','食品','1','2020-06-01 00:00:00.000000','2020-06-01 00:00:00.000000',0.9,0,15,NULL,'买10送1',5,1,5000),(194,'旺仔牛奶',15,'好喝的旺仔牛奶','好喝的旺仔牛奶','食品','1','2020-06-01 00:00:00.000000','2020-06-01 00:00:00.000000',0.9,0,15,NULL,'买10送1',5,1,5000),(195,'旺仔牛奶',15,'好喝的旺仔牛奶','好喝的旺仔牛奶','食品','1','2020-06-01 00:00:00.000000','2020-06-01 00:00:00.000000',0.9,0,15,NULL,'买10送1',5,1,5000),(196,'旺仔牛奶',15,'好喝的旺仔牛奶','好喝的旺仔牛奶','食品','1','2020-06-01 00:00:00.000000','2020-06-01 00:00:00.000000',0.9,0,15,NULL,'买10送1',5,1,5000),(197,'旺仔牛奶',15,'好喝的旺仔牛奶','好喝的旺仔牛奶','食品','1','2020-06-01 00:00:00.000000','2020-06-01 00:00:00.000000',0.9,0,15,NULL,'买10送1',5,1,5000),(198,'旺仔牛奶',15,'好喝的旺仔牛奶','好喝的旺仔牛奶','食品','1','2020-06-01 00:00:00.000000','2020-06-01 00:00:00.000000',0.9,0,15,NULL,'买10送1',5,1,5000),(199,'旺仔牛奶',15,'好喝的旺仔牛奶','好喝的旺仔牛奶','食品','1','2020-06-01 00:00:00.000000','2020-06-01 00:00:00.000000',0.9,0,15,NULL,'买10送1',5,1,5000),(200,'旺仔牛奶',15,'好喝的旺仔牛奶','好喝的旺仔牛奶','食品','1','2020-06-01 00:00:00.000000','2020-06-01 00:00:00.000000',0.9,0,15,NULL,'买10送1',5,1,5000),(201,'旺仔牛奶',15,'好喝的旺仔牛奶','好喝的旺仔牛奶','食品','1','2020-06-01 00:00:00.000000','2020-06-01 00:00:00.000000',0.9,0,15,NULL,'买10送1',5,1,5000),(202,'旺仔牛奶',15,'好喝的旺仔牛奶','好喝的旺仔牛奶','食品','1','2020-06-01 00:00:00.000000','2020-06-01 00:00:00.000000',0.9,0,15,NULL,'买10送1',5,1,5000),(203,'旺仔牛奶',15,'好喝的旺仔牛奶','好喝的旺仔牛奶','食品','1','2020-06-01 00:00:00.000000','2020-06-01 00:00:00.000000',0.9,0,15,NULL,'买10送1',5,1,5000),(204,'旺仔牛奶',15,'好喝的旺仔牛奶','好喝的旺仔牛奶','食品','1','2020-06-01 00:00:00.000000','2020-06-01 00:00:00.000000',0.9,0,15,NULL,'买10送1',5,1,5000),(205,'旺仔牛奶',15,'好喝的旺仔牛奶','好喝的旺仔牛奶','食品','1','2020-06-01 00:00:00.000000','2020-06-01 00:00:00.000000',0.9,0,15,NULL,'买10送1',5,1,5000),(206,'旺仔牛奶',15,'好喝的旺仔牛奶','好喝的旺仔牛奶','食品','1','2020-06-01 00:00:00.000000','2020-06-01 00:00:00.000000',0.9,0,15,NULL,'买10送1',5,1,5000),(207,'旺仔牛奶',15,'好喝的旺仔牛奶','好喝的旺仔牛奶','食品','1','2020-06-01 00:00:00.000000','2020-06-01 00:00:00.000000',0.9,0,15,NULL,'买10送1',5,1,5000),(208,'旺仔牛奶',15,'好喝的旺仔牛奶','好喝的旺仔牛奶','食品','1','2020-06-01 00:00:00.000000','2020-06-01 00:00:00.000000',0.9,0,15,NULL,'买10送1',5,1,5000),(209,'旺仔牛奶',15,'好喝的旺仔牛奶','好喝的旺仔牛奶','食品','1','2020-06-01 00:00:00.000000','2020-06-01 00:00:00.000000',0.9,0,15,NULL,'买10送1',5,1,5000),(210,'旺仔牛奶',15,'好喝的旺仔牛奶','好喝的旺仔牛奶','食品','1','2020-06-01 00:00:00.000000','2020-06-01 00:00:00.000000',0.9,0,15,NULL,'买10送1',5,1,5000),(211,'旺仔牛奶',15,'好喝的旺仔牛奶','好喝的旺仔牛奶','食品','1','2020-06-01 00:00:00.000000','2020-06-01 00:00:00.000000',0.9,0,15,NULL,'买10送1',5,1,5000),(212,'旺仔牛奶',15,'好喝的旺仔牛奶','好喝的旺仔牛奶','食品','1','2020-06-01 00:00:00.000000','2020-06-01 00:00:00.000000',0.9,0,15,NULL,'买10送1',5,1,5000),(213,'旺仔牛奶',15,'好喝的旺仔牛奶','好喝的旺仔牛奶','食品','1','2020-06-01 00:00:00.000000','2020-06-01 00:00:00.000000',0.9,0,15,NULL,'买10送1',5,1,5000),(214,'旺仔牛奶',15,'好喝的旺仔牛奶','好喝的旺仔牛奶','食品','1','2020-06-01 00:00:00.000000','2020-06-01 00:00:00.000000',0.9,0,15,NULL,'买10送1',5,1,5000),(215,'旺仔牛奶',15,'好喝的旺仔牛奶','好喝的旺仔牛奶','食品','1','2020-06-01 00:00:00.000000','2020-06-01 00:00:00.000000',0.9,0,15,NULL,'买10送1',5,1,5000),(216,'旺仔牛奶',15,'好喝的旺仔牛奶','好喝的旺仔牛奶','食品','1','2020-06-01 00:00:00.000000','2020-06-01 00:00:00.000000',0.9,0,15,NULL,'买10送1',5,1,5000),(217,'旺仔牛奶',15,'好喝的旺仔牛奶','好喝的旺仔牛奶','食品','1','2020-06-01 00:00:00.000000','2020-06-01 00:00:00.000000',0.9,0,15,NULL,'买10送1',5,1,5000),(218,'旺仔牛奶',15,'好喝的旺仔牛奶','好喝的旺仔牛奶','食品','1','2020-06-01 00:00:00.000000','2020-06-01 00:00:00.000000',0.9,0,15,NULL,'买10送1',5,1,5000),(219,'旺仔牛奶',15,'好喝的旺仔牛奶','好喝的旺仔牛奶','食品','1','2020-06-01 00:00:00.000000','2020-06-01 00:00:00.000000',0.9,0,15,NULL,'买10送1',5,1,5000),(220,'旺仔牛奶',15,'好喝的旺仔牛奶','好喝的旺仔牛奶','食品','1','2020-06-01 00:00:00.000000','2020-06-01 00:00:00.000000',0.9,0,15,NULL,'买10送1',5,1,5000),(221,'旺仔牛奶',15,'好喝的旺仔牛奶','好喝的旺仔牛奶','食品','1','2020-06-01 00:00:00.000000','2020-06-01 00:00:00.000000',0.9,0,15,NULL,'买10送1',5,1,5000),(222,'旺仔牛奶',15,'好喝的旺仔牛奶','好喝的旺仔牛奶','食品','1','2020-06-01 00:00:00.000000','2020-06-01 00:00:00.000000',0.9,0,15,NULL,'买10送1',5,1,5000),(223,'旺仔牛奶',15,'好喝的旺仔牛奶','好喝的旺仔牛奶','食品','1','2020-06-01 00:00:00.000000','2020-06-01 00:00:00.000000',0.9,0,15,NULL,'买10送1',5,1,5000),(224,'旺仔牛奶',15,'好喝的旺仔牛奶','好喝的旺仔牛奶','食品','1','2020-06-01 00:00:00.000000','2020-06-01 00:00:00.000000',0.9,0,15,NULL,'买10送1',5,1,5000),(225,'旺仔牛奶',15,'好喝的旺仔牛奶','好喝的旺仔牛奶','食品','1','2020-06-01 00:00:00.000000','2020-06-01 00:00:00.000000',0.9,0,15,NULL,'买10送1',5,1,5000),(226,'旺仔牛奶',15,'好喝的旺仔牛奶','好喝的旺仔牛奶','食品','1','2020-06-01 00:00:00.000000','2020-06-01 00:00:00.000000',0.9,0,15,NULL,'买10送1',5,1,5000),(227,'旺仔牛奶',15,'好喝的旺仔牛奶','好喝的旺仔牛奶','食品','1','2020-06-01 00:00:00.000000','2020-06-01 00:00:00.000000',0.9,0,15,NULL,'买10送1',5,1,5000),(228,'旺仔牛奶',15,'好喝的旺仔牛奶','好喝的旺仔牛奶','食品','1','2020-06-01 00:00:00.000000','2020-06-01 00:00:00.000000',0.9,0,15,NULL,'买10送1',5,1,5000),(229,'旺仔牛奶',15,'好喝的旺仔牛奶','好喝的旺仔牛奶','食品','1','2020-06-01 00:00:00.000000','2020-06-01 00:00:00.000000',0.9,0,15,NULL,'买10送1',5,1,5000),(230,'旺仔牛奶',15,'好喝的旺仔牛奶','好喝的旺仔牛奶','食品','1','2020-06-01 00:00:00.000000','2020-06-01 00:00:00.000000',0.9,0,15,NULL,'买10送1',5,1,5000),(231,'旺仔牛奶',15,'好喝的旺仔牛奶','好喝的旺仔牛奶','食品','1','2020-06-01 00:00:00.000000','2020-06-01 00:00:00.000000',0.9,0,15,NULL,'买10送1',5,1,5000),(232,'旺仔牛奶',15,'好喝的旺仔牛奶','好喝的旺仔牛奶','食品','1','2020-06-01 00:00:00.000000','2020-06-01 00:00:00.000000',0.9,0,15,NULL,'买10送1',5,1,5000),(233,'旺仔牛奶',15,'好喝的旺仔牛奶','好喝的旺仔牛奶','食品','1','2020-06-01 00:00:00.000000','2020-06-01 00:00:00.000000',0.9,0,15,NULL,'买10送1',5,1,5000),(234,'旺仔牛奶',15,'好喝的旺仔牛奶','好喝的旺仔牛奶','食品','1','2020-06-01 00:00:00.000000','2020-06-01 00:00:00.000000',0.9,0,15,NULL,'买10送1',5,1,5000),(235,'旺仔牛奶',15,'好喝的旺仔牛奶','好喝的旺仔牛奶','食品','1','2020-06-01 00:00:00.000000','2020-06-01 00:00:00.000000',0.9,0,15,NULL,'买10送1',5,1,5000),(236,'旺仔牛奶',15,'好喝的旺仔牛奶','好喝的旺仔牛奶','食品','1','2020-06-01 00:00:00.000000','2020-06-01 00:00:00.000000',0.9,0,15,NULL,'买10送1',5,1,5000),(237,'旺仔牛奶',15,'好喝的旺仔牛奶','好喝的旺仔牛奶','食品','1','2020-06-01 00:00:00.000000','2020-06-01 00:00:00.000000',0.9,0,15,NULL,'买10送1',5,1,5000),(238,'旺仔牛奶',15,'好喝的旺仔牛奶','好喝的旺仔牛奶','食品','1','2020-06-01 00:00:00.000000','2020-06-01 00:00:00.000000',0.9,0,15,NULL,'买10送1',5,1,5000),(239,'旺仔牛奶',15,'好喝的旺仔牛奶','好喝的旺仔牛奶','食品','1','2020-06-01 00:00:00.000000','2020-06-01 00:00:00.000000',0.9,0,15,NULL,'买10送1',5,1,5000),(240,'旺仔牛奶',15,'好喝的旺仔牛奶','好喝的旺仔牛奶','食品','1','2020-06-01 00:00:00.000000','2020-06-01 00:00:00.000000',0.9,0,15,NULL,'买10送1',5,1,5000),(241,'旺仔牛奶',15,'好喝的旺仔牛奶','好喝的旺仔牛奶','食品','1','2020-06-01 00:00:00.000000','2020-06-01 00:00:00.000000',0.9,0,15,NULL,'买10送1',5,1,5000),(242,'旺仔牛奶',15,'好喝的旺仔牛奶','好喝的旺仔牛奶','食品','1','2020-06-01 00:00:00.000000','2020-06-01 00:00:00.000000',0.9,0,15,NULL,'买10送1',5,1,5000),(243,'旺仔牛奶',15,'好喝的旺仔牛奶','好喝的旺仔牛奶','食品','1','2020-06-01 00:00:00.000000','2020-06-01 00:00:00.000000',0.9,0,15,NULL,'买10送1',5,1,5000),(244,'旺仔牛奶',15,'好喝的旺仔牛奶','好喝的旺仔牛奶','食品','1','2020-06-01 00:00:00.000000','2020-06-01 00:00:00.000000',0.9,0,15,NULL,'买10送1',5,1,5000),(245,'旺仔牛奶',15,'好喝的旺仔牛奶','好喝的旺仔牛奶','食品','1','2020-06-01 00:00:00.000000','2020-06-01 00:00:00.000000',0.9,0,15,NULL,'买10送1',5,1,5000),(246,'旺仔牛奶',15,'好喝的旺仔牛奶','好喝的旺仔牛奶','食品','1','2020-06-01 00:00:00.000000','2020-06-01 00:00:00.000000',0.9,0,15,NULL,'买10送1',5,1,5000),(247,'旺仔牛奶',15,'好喝的旺仔牛奶','好喝的旺仔牛奶','食品','1','2020-06-01 00:00:00.000000','2020-06-01 00:00:00.000000',0.9,0,15,NULL,'买10送1',5,1,5000),(248,'旺仔牛奶',15,'好喝的旺仔牛奶','好喝的旺仔牛奶','食品','1','2020-06-01 00:00:00.000000','2020-06-01 00:00:00.000000',0.9,0,15,NULL,'买10送1',5,1,5000),(249,'旺仔牛奶',15,'好喝的旺仔牛奶','好喝的旺仔牛奶','食品','1','2020-06-01 00:00:00.000000','2020-06-01 00:00:00.000000',0.9,0,15,NULL,'买10送1',5,1,5000),(250,'旺仔牛奶',15,'好喝的旺仔牛奶','好喝的旺仔牛奶','食品','1','2020-06-02 13:09:36.841073','2020-06-02 13:07:48.351605',0.9,0,15,'commodity_head/02_dSREk4z.jpg','买10送1',5,1,5000),(251,'旺仔牛奶',15,'好喝的旺仔牛奶','好喝的旺仔牛奶','食品','1','2020-06-02 13:09:36.841073','2020-06-02 13:07:39.070724',0.9,0,15,'commodity_head/02_SFZxfOM.jpg','买10送1',5,1,5000),(252,'旺仔牛奶',15,'好喝的旺仔牛奶','好喝的旺仔牛奶','食品','1','2020-06-02 13:09:36.841073','2020-06-02 13:07:31.081136',0.9,0,15,'commodity_head/02_8U1QlbO.jpg','买10送1',5,1,5000),(253,'旺仔牛奶',15,'好喝的旺仔牛奶','好喝的旺仔牛奶','食品','1','2020-06-02 13:09:36.841073','2020-06-02 13:07:23.591710',0.9,0,15,'commodity_head/02_JFZfFLC.jpg','买10送1',5,1,5000),(254,'橙子',15,'好喝的旺仔牛奶','非常好吃的橙子','食品','1','2020-06-03 09:45:04.775405','2020-06-03 09:45:04.775405',0.9,0,15,'commodity_head/5.jpg','买三箱优惠10块，100箱限时抢购',5,1,100),(255,'旺仔牛奶',15,'好喝的旺仔牛奶','好喝的旺仔牛奶','食品','1','2020-06-02 13:09:36.841073','2020-06-02 13:07:08.156851',0.9,0,15,'commodity_head/02_NyP7UoQ.jpg','买10送1',5,1,5000),(256,'旺仔牛奶',15,'好喝的旺仔牛奶','好喝的旺仔牛奶','食品','1','2020-06-02 13:09:36.841073','2020-06-02 13:06:59.455707',0.9,0,15,'commodity_head/02_bgz0T7m.jpg','买10送1',5,1,5000),(257,'橙子',55,'好喝的旺仔牛奶','好吃的橙子','食品','1','2020-06-03 09:46:18.766631','2020-06-03 09:46:18.766631',1.0,0,15,'commodity_head/5_1JqYW9N.jpg','买10箱赠两箱，实惠多多',5,1,200),(258,'旺仔牛奶',15,'好喝的旺仔牛奶','好喝的旺仔牛奶','食品','1','2020-06-02 13:09:36.841073','2020-06-02 13:06:43.891041',0.9,0,15,'commodity_head/02_WiJMUyO.jpg','买10送1',5,1,5000),(259,'旺仔牛奶',15,'好喝的旺仔牛奶','好喝的旺仔牛奶','食品','1','2020-06-02 13:09:36.841073','2020-06-02 13:06:24.662155',0.9,0,15,'commodity_head/02_FupzP0E.jpg','买10送1',5,1,5000),(260,'旺仔牛奶',15,'好喝的旺仔牛奶','好喝的旺仔牛奶','食品','1','2020-06-02 13:09:36.841073','2020-06-02 13:06:16.034111',0.9,0,15,'commodity_head/02_xIbuuHv.jpg','买10送1',5,1,5000),(261,'旺仔牛奶',15,'好喝的旺仔牛奶','好喝的旺仔牛奶','食品','1','2020-06-02 13:09:36.841073','2020-06-02 13:06:00.867751',0.9,0,15,'commodity_head/02_nphNT9O.jpg','买10送1',5,1,5000),(262,'蓝莓2',15,'超级好吃的蓝莓','超级好吃的蓝莓','食品','1','2020-06-03 09:43:17.017455','2020-06-03 09:43:17.017455',0.9,0,0,'commodity_head/4_y1IprAl.jpg','买20送3',5,1,2511),(263,'蓝莓',25,'好吃的蓝莓','好吃的蓝莓','食品','1','2020-06-03 09:42:28.717085','2020-06-03 09:42:28.717085',0.9,0,15,'commodity_head/4.jpg','买10送1',5,1,1252),(264,'旺仔牛奶',15,'好喝的旺仔牛奶','好喝的旺仔牛奶','食品','1','2020-06-02 13:09:36.841073','2020-06-02 13:05:37.414069',0.9,0,15,'commodity_head/02_FvyJi0r.jpg','买10送1',5,1,5000),(265,'旺仔牛奶',15,'好喝的旺仔牛奶','好喝的旺仔牛奶','食品','1','2020-06-02 13:09:36.841073','2020-06-02 13:05:28.162411',0.9,0,15,'commodity_head/02_aybFvhc.jpg','买10送1',5,1,5000),(266,'旺仔牛奶',15,'好喝的旺仔牛奶','好喝的旺仔牛奶','食品','1','2020-06-02 13:09:36.841073','2020-06-02 13:05:18.613421',0.9,0,15,'commodity_head/02_VD6d9qG.jpg','买10送1',5,1,5000),(267,'旺仔牛奶',15,'好喝的旺仔牛奶','好喝的旺仔牛奶','食品','1','2020-06-02 13:09:36.841073','2020-06-02 13:05:09.530545',0.9,0,15,'commodity_head/02_HtWAlSp.jpg','买10送1',5,1,5000),(268,'松子',15,'味道不错的松子','味道不错的松子','食品','1','2020-06-03 09:59:03.682265','2020-06-03 09:59:03.682265',0.9,0,15,'commodity_head/02_bk2tNBR.jpg','买10送1',5,1,5000),(269,'松子',15,'超级好吃的松子','超级好吃的松子','食品','1','2020-06-03 09:58:47.907322','2020-06-03 09:58:47.907322',0.9,0,15,'commodity_head/02.jpg','买10送1',5,1,200);
/*!40000 ALTER TABLE `commodity` ENABLE KEYS */;
UNLOCK TABLES;

--
-- Table structure for table `commodity_category`
--

DROP TABLE IF EXISTS `commodity_category`;
/*!40101 SET @saved_cs_client     = @@character_set_client */;
/*!50503 SET character_set_client = utf8mb4 */;
CREATE TABLE `commodity_category` (
  `id` int(11) NOT NULL AUTO_INCREMENT,
  `category` varchar(20) NOT NULL,
  `logo` varchar(20) NOT NULL,
  `image` varchar(100) NOT NULL,
  PRIMARY KEY (`id`)
) ENGINE=InnoDB DEFAULT CHARSET=utf8mb4 COLLATE=utf8mb4_0900_ai_ci;
/*!40101 SET character_set_client = @saved_cs_client */;

--
-- Dumping data for table `commodity_category`
--

LOCK TABLES `commodity_category` WRITE;
/*!40000 ALTER TABLE `commodity_category` DISABLE KEYS */;
/*!40000 ALTER TABLE `commodity_category` ENABLE KEYS */;
UNLOCK TABLES;

--
-- Table structure for table `consumer`
--

DROP TABLE IF EXISTS `consumer`;
/*!40101 SET @saved_cs_client     = @@character_set_client */;
/*!50503 SET character_set_client = utf8mb4 */;
CREATE TABLE `consumer` (
  `id` int(11) NOT NULL AUTO_INCREMENT,
  `head_image` varchar(100) DEFAULT NULL,
  `birthday` datetime(6) DEFAULT NULL,
  `sex` varchar(1) NOT NULL,
  `phone` varchar(11) DEFAULT NULL,
  `rank` varchar(1) NOT NULL,
  `safety` decimal(3,0) NOT NULL,
  `user_id` int(11) NOT NULL,
  PRIMARY KEY (`id`),
  UNIQUE KEY `user_id` (`user_id`),
  CONSTRAINT `Consumer_user_id_40d0287a_fk_auth_user_id` FOREIGN KEY (`user_id`) REFERENCES `auth_user` (`id`)
) ENGINE=InnoDB AUTO_INCREMENT=2 DEFAULT CHARSET=utf8mb4 COLLATE=utf8mb4_0900_ai_ci;
/*!40101 SET character_set_client = @saved_cs_client */;

--
-- Dumping data for table `consumer`
--

LOCK TABLES `consumer` WRITE;
/*!40000 ALTER TABLE `consumer` DISABLE KEYS */;
INSERT INTO `consumer` VALUES (1,'','1999-05-20 00:00:00.000000','m','13787833290','1',60,1);
/*!40000 ALTER TABLE `consumer` ENABLE KEYS */;
UNLOCK TABLES;

--
-- Table structure for table `django_admin_log`
--

DROP TABLE IF EXISTS `django_admin_log`;
/*!40101 SET @saved_cs_client     = @@character_set_client */;
/*!50503 SET character_set_client = utf8mb4 */;
CREATE TABLE `django_admin_log` (
  `id` int(11) NOT NULL AUTO_INCREMENT,
  `action_time` datetime(6) NOT NULL,
  `object_id` longtext,
  `object_repr` varchar(200) NOT NULL,
  `action_flag` smallint(5) unsigned NOT NULL,
  `change_message` longtext NOT NULL,
  `content_type_id` int(11) DEFAULT NULL,
  `user_id` int(11) NOT NULL,
  PRIMARY KEY (`id`),
  KEY `django_admin_log_content_type_id_c4bce8eb_fk_django_co` (`content_type_id`),
  KEY `django_admin_log_user_id_c564eba6_fk_auth_user_id` (`user_id`),
  CONSTRAINT `django_admin_log_content_type_id_c4bce8eb_fk_django_co` FOREIGN KEY (`content_type_id`) REFERENCES `django_content_type` (`id`),
  CONSTRAINT `django_admin_log_user_id_c564eba6_fk_auth_user_id` FOREIGN KEY (`user_id`) REFERENCES `auth_user` (`id`)
) ENGINE=InnoDB AUTO_INCREMENT=53 DEFAULT CHARSET=utf8mb4 COLLATE=utf8mb4_0900_ai_ci;
/*!40101 SET character_set_client = @saved_cs_client */;

--
-- Dumping data for table `django_admin_log`
--

LOCK TABLES `django_admin_log` WRITE;
/*!40000 ALTER TABLE `django_admin_log` DISABLE KEYS */;
INSERT INTO `django_admin_log` VALUES (1,'2020-06-02 10:25:17.837004','1','商品',1,'[{\"added\": {}}]',13,5),(2,'2020-06-02 10:26:58.925648','2','商品',1,'[{\"added\": {}}]',13,5),(3,'2020-06-02 10:39:01.791897','4','Shoppers object (4)',2,'[{\"changed\": {\"fields\": [\"head_image\"]}}]',14,5),(4,'2020-06-02 10:47:00.484670','4','Shoppers object (4)',2,'[{\"changed\": {\"fields\": [\"head_image\"]}}]',14,5),(5,'2020-06-02 10:47:13.960345','4','Shoppers object (4)',2,'[{\"changed\": {\"fields\": [\"head_image\"]}}]',14,5),(6,'2020-06-02 10:47:22.653882','4','Shoppers object (4)',2,'[{\"changed\": {\"fields\": [\"head_image\"]}}]',14,5),(7,'2020-06-02 10:48:37.861742','4','Shoppers object (4)',2,'[{\"changed\": {\"fields\": [\"head_image\"]}}]',14,5),(8,'2020-06-02 10:52:52.951394','2','商品',2,'[{\"changed\": {\"fields\": [\"status\", \"discounts\", \"freight\"]}}]',13,5),(9,'2020-06-02 10:54:40.151563','1','Store object (1)',2,'[{\"changed\": {\"fields\": [\"store_name\"]}}]',15,5),(10,'2020-06-02 10:55:57.627379','1','Store object (1)',2,'[{\"changed\": {\"fields\": [\"store_name\"]}}]',15,5),(11,'2020-06-02 13:04:49.120627','269','商品',2,'[{\"changed\": {\"fields\": [\"image\"]}}]',13,5),(12,'2020-06-02 13:04:59.009147','268','商品',2,'[{\"changed\": {\"fields\": [\"image\"]}}]',13,5),(13,'2020-06-02 13:05:09.557485','267','商品',2,'[{\"changed\": {\"fields\": [\"image\"]}}]',13,5),(14,'2020-06-02 13:05:18.615415','266','商品',2,'[{\"changed\": {\"fields\": [\"image\"]}}]',13,5),(15,'2020-06-02 13:05:28.166403','265','商品',2,'[{\"changed\": {\"fields\": [\"image\"]}}]',13,5),(16,'2020-06-02 13:05:37.417885','264','商品',2,'[{\"changed\": {\"fields\": [\"image\"]}}]',13,5),(17,'2020-06-02 13:05:45.508160','263','商品',2,'[{\"changed\": {\"fields\": [\"image\"]}}]',13,5),(18,'2020-06-02 13:05:53.077845','262','商品',2,'[{\"changed\": {\"fields\": [\"image\"]}}]',13,5),(19,'2020-06-02 13:06:00.870670','261','商品',2,'[{\"changed\": {\"fields\": [\"image\"]}}]',13,5),(20,'2020-06-02 13:06:16.036294','260','商品',2,'[{\"changed\": {\"fields\": [\"image\"]}}]',13,5),(21,'2020-06-02 13:06:24.842186','259','商品',2,'[{\"changed\": {\"fields\": [\"image\"]}}]',13,5),(22,'2020-06-02 13:06:43.894053','258','商品',2,'[{\"changed\": {\"fields\": [\"image\"]}}]',13,5),(23,'2020-06-02 13:06:51.983629','257','商品',2,'[{\"changed\": {\"fields\": [\"image\"]}}]',13,5),(24,'2020-06-02 13:06:59.458701','256','商品',2,'[{\"changed\": {\"fields\": [\"image\"]}}]',13,5),(25,'2020-06-02 13:07:08.182733','255','商品',2,'[{\"changed\": {\"fields\": [\"image\"]}}]',13,5),(26,'2020-06-02 13:07:15.521901','254','商品',2,'[{\"changed\": {\"fields\": [\"image\"]}}]',13,5),(27,'2020-06-02 13:07:23.593798','253','商品',2,'[{\"changed\": {\"fields\": [\"image\"]}}]',13,5),(28,'2020-06-02 13:07:31.084043','252','商品',2,'[{\"changed\": {\"fields\": [\"image\"]}}]',13,5),(29,'2020-06-02 13:07:39.167917','251','商品',2,'[{\"changed\": {\"fields\": [\"image\"]}}]',13,5),(30,'2020-06-02 13:07:48.354596','250','商品',2,'[{\"changed\": {\"fields\": [\"image\"]}}]',13,5),(31,'2020-06-02 13:08:34.143672','2','商品',2,'[{\"changed\": {\"fields\": [\"image\"]}}]',13,5),(32,'2020-06-02 13:08:43.331653','1','商品',2,'[{\"changed\": {\"fields\": [\"image\"]}}]',13,5),(33,'2020-06-02 13:08:52.066782','3','商品',2,'[{\"changed\": {\"fields\": [\"image\"]}}]',13,5),(34,'2020-06-02 13:08:59.346093','4','商品',2,'[{\"changed\": {\"fields\": [\"image\"]}}]',13,5),(35,'2020-06-02 13:42:02.349411','269','商品',2,'[]',13,5),(36,'2020-06-03 09:41:27.975672','269','商品',2,'[{\"changed\": {\"fields\": [\"commodity_name\"]}}]',13,5),(37,'2020-06-03 09:41:36.223105','268','商品',2,'[{\"changed\": {\"fields\": [\"commodity_name\"]}}]',13,5),(38,'2020-06-03 09:42:28.768363','263','商品',2,'[{\"changed\": {\"fields\": [\"commodity_name\", \"price\", \"details\", \"intro\", \"image\", \"stock\"]}}]',13,5),(39,'2020-06-03 09:43:03.903256','262','商品',2,'[{\"changed\": {\"fields\": [\"commodity_name\", \"details\", \"intro\", \"freight\", \"discounts_intro\", \"stock\"]}}]',13,5),(40,'2020-06-03 09:43:17.104220','262','商品',2,'[{\"changed\": {\"fields\": [\"image\"]}}]',13,5),(41,'2020-06-03 09:45:04.876486','254','商品',2,'[{\"changed\": {\"fields\": [\"commodity_name\", \"intro\", \"image\", \"discounts_intro\", \"stock\"]}}]',13,5),(42,'2020-06-03 09:45:50.702057','257','商品',2,'[{\"changed\": {\"fields\": [\"commodity_name\", \"price\", \"intro\", \"image\", \"discounts_intro\", \"stock\"]}}]',13,5),(43,'2020-06-03 09:46:04.089745','257','商品',2,'[{\"changed\": {\"fields\": [\"discounts\"]}}]',13,5),(44,'2020-06-03 09:46:18.813505','257','商品',2,'[{\"changed\": {\"fields\": [\"discounts\"]}}]',13,5),(45,'2020-06-03 09:46:27.039194','269','商品',2,'[{\"changed\": {\"fields\": [\"stock\"]}}]',13,5),(46,'2020-06-03 09:47:19.481887','269','商品',2,'[{\"changed\": {\"fields\": [\"stock\"]}}]',13,5),(47,'2020-06-03 09:58:47.936553','269','商品',2,'[{\"changed\": {\"fields\": [\"details\", \"intro\", \"stock\"]}}]',13,5),(48,'2020-06-03 09:59:03.764001','268','商品',2,'[{\"changed\": {\"fields\": [\"details\", \"intro\"]}}]',13,5),(49,'2020-06-03 13:59:48.334875','1','商品',2,'[{\"changed\": {\"fields\": [\"details\"]}}]',13,5),(50,'2020-06-03 14:00:06.244212','2','商品',2,'[{\"changed\": {\"fields\": [\"details\"]}}]',13,5),(51,'2020-06-03 15:33:00.180262','8','Shoppers object (8)',2,'[{\"changed\": {\"fields\": [\"phone\"]}}]',14,9),(52,'2020-06-03 15:33:17.103229','2','我是卖家2号',2,'[{\"changed\": {\"fields\": [\"store_name\"]}}]',15,9);
/*!40000 ALTER TABLE `django_admin_log` ENABLE KEYS */;
UNLOCK TABLES;

--
-- Table structure for table `django_content_type`
--

DROP TABLE IF EXISTS `django_content_type`;
/*!40101 SET @saved_cs_client     = @@character_set_client */;
/*!50503 SET character_set_client = utf8mb4 */;
CREATE TABLE `django_content_type` (
  `id` int(11) NOT NULL AUTO_INCREMENT,
  `app_label` varchar(100) NOT NULL,
  `model` varchar(100) NOT NULL,
  PRIMARY KEY (`id`),
  UNIQUE KEY `django_content_type_app_label_model_76bd3d3b_uniq` (`app_label`,`model`)
) ENGINE=InnoDB AUTO_INCREMENT=21 DEFAULT CHARSET=utf8mb4 COLLATE=utf8mb4_0900_ai_ci;
/*!40101 SET character_set_client = @saved_cs_client */;

--
-- Dumping data for table `django_content_type`
--

LOCK TABLES `django_content_type` WRITE;
/*!40000 ALTER TABLE `django_content_type` DISABLE KEYS */;
INSERT INTO `django_content_type` VALUES (1,'admin','logentry'),(3,'auth','group'),(2,'auth','permission'),(4,'auth','user'),(5,'contenttypes','contenttype'),(20,'Order_app','logistic'),(18,'Order_app','order_basic'),(19,'Order_app','order_details'),(8,'Remark_app','remark'),(9,'Remark_app','remark_reply'),(6,'sessions','session'),(13,'Shop_app','commodity'),(10,'Shop_app','goodsby'),(11,'Shop_app','goodstype'),(12,'Shop_app','promotion'),(14,'Shopper_app','shoppers'),(15,'Shopper_app','store'),(7,'sites','site'),(17,'User_app','address'),(16,'User_app','consumer');
/*!40000 ALTER TABLE `django_content_type` ENABLE KEYS */;
UNLOCK TABLES;

--
-- Table structure for table `django_migrations`
--

DROP TABLE IF EXISTS `django_migrations`;
/*!40101 SET @saved_cs_client     = @@character_set_client */;
/*!50503 SET character_set_client = utf8mb4 */;
CREATE TABLE `django_migrations` (
  `id` int(11) NOT NULL AUTO_INCREMENT,
  `app` varchar(255) NOT NULL,
  `name` varchar(255) NOT NULL,
  `applied` datetime(6) NOT NULL,
  PRIMARY KEY (`id`)
) ENGINE=InnoDB AUTO_INCREMENT=32 DEFAULT CHARSET=utf8mb4 COLLATE=utf8mb4_0900_ai_ci;
/*!40101 SET character_set_client = @saved_cs_client */;

--
-- Dumping data for table `django_migrations`
--

LOCK TABLES `django_migrations` WRITE;
/*!40000 ALTER TABLE `django_migrations` DISABLE KEYS */;
INSERT INTO `django_migrations` VALUES (1,'contenttypes','0001_initial','2020-06-01 11:01:54.408326'),(2,'contenttypes','0002_remove_content_type_name','2020-06-01 11:01:57.810143'),(3,'auth','0001_initial','2020-06-01 11:02:01.909308'),(4,'User_app','0001_initial','2020-06-01 11:02:19.721997'),(5,'Shopper_app','0001_initial','2020-06-01 11:02:25.171233'),(6,'Shop_app','0001_initial','2020-06-01 11:02:32.350205'),(7,'Order_app','0001_initial','2020-06-01 11:02:39.642985'),(8,'Remark_app','0001_initial','2020-06-01 11:02:49.889510'),(9,'admin','0001_initial','2020-06-01 11:03:00.448447'),(10,'admin','0002_logentry_remove_auto_add','2020-06-01 11:03:03.296154'),(11,'admin','0003_logentry_add_action_flag_choices','2020-06-01 11:03:03.369860'),(12,'sessions','0001_initial','2020-06-01 11:03:03.752456'),(13,'sites','0001_initial','2020-06-01 11:03:04.426063'),(14,'sites','0002_alter_domain_unique','2020-06-01 11:03:05.052086'),(15,'Order_app','0002_auto_20200601_1106','2020-06-01 11:06:32.525639'),(16,'Order_app','0003_auto_20200601_1119','2020-06-01 11:20:01.994427'),(17,'Order_app','0004_auto_20200601_1120','2020-06-01 18:47:23.021432'),(18,'Shopper_app','0002_auto_20200602_0758','2020-06-02 07:59:11.479279'),(19,'Shopper_app','0003_auto_20200602_0758','2020-06-02 07:59:11.980001'),(20,'Shopper_app','0004_auto_20200602_0800','2020-06-02 08:01:01.361685'),(21,'Shopper_app','0005_auto_20200602_0800','2020-06-02 08:01:01.595967'),(22,'Shopper_app','0006_auto_20200602_0928','2020-06-02 09:29:03.576484'),(23,'Shop_app','0002_auto_20200602_0943','2020-06-02 09:43:33.185567'),(24,'Shopper_app','0007_remove_store_city','2020-06-02 10:07:53.592729'),(25,'Shopper_app','0008_auto_20200602_1021','2020-06-02 10:21:41.930719'),(26,'Shopper_app','0009_auto_20200602_1038','2020-06-02 10:38:49.476606'),(27,'Shopper_app','0010_store_stock','2020-06-02 13:46:17.433780'),(28,'Shop_app','0003_commodity_stock','2020-06-02 13:47:55.521484'),(29,'Shopper_app','0011_remove_store_stock','2020-06-02 13:47:57.302001'),(30,'Order_app','0005_auto_20200603_1918','2020-06-03 19:18:59.797928'),(31,'Order_app','0006_auto_20200603_1931','2020-06-03 19:31:52.613187');
/*!40000 ALTER TABLE `django_migrations` ENABLE KEYS */;
UNLOCK TABLES;

--
-- Table structure for table `django_session`
--

DROP TABLE IF EXISTS `django_session`;
/*!40101 SET @saved_cs_client     = @@character_set_client */;
/*!50503 SET character_set_client = utf8mb4 */;
CREATE TABLE `django_session` (
  `session_key` varchar(40) NOT NULL,
  `session_data` longtext NOT NULL,
  `expire_date` datetime(6) NOT NULL,
  PRIMARY KEY (`session_key`),
  KEY `django_session_expire_date_a5c62663` (`expire_date`)
) ENGINE=InnoDB DEFAULT CHARSET=utf8mb4 COLLATE=utf8mb4_0900_ai_ci;
/*!40101 SET character_set_client = @saved_cs_client */;

--
-- Dumping data for table `django_session`
--

LOCK TABLES `django_session` WRITE;
/*!40000 ALTER TABLE `django_session` DISABLE KEYS */;
INSERT INTO `django_session` VALUES ('5id6h2oewrekpmueg2cwtx4bqvwwoems','ZjI1NGQxZTBiZWRlZmRiODY1ZGVmNmRlZmFjNzg5ZWRmMjllMTc5Nzp7Il9hdXRoX3VzZXJfaWQiOiIxIiwiX2F1dGhfdXNlcl9iYWNrZW5kIjoiZV9tYWxsLmF1dGhlbnRpY2F0aW9uX2NvbnN1bWVyLkVtYWlsT3JVc2VybmFtZSIsIl9hdXRoX3VzZXJfaGFzaCI6ImE0ZTVkZTU5Yjc4ODllNTcwY2Q4NDdjZjYwNDViMWJmNjg4YmIwODgifQ==','2020-06-02 16:40:22.905140'),('6sis5hnkvp7d8su21f1cr7bm2u9jo2no','ZjI1NGQxZTBiZWRlZmRiODY1ZGVmNmRlZmFjNzg5ZWRmMjllMTc5Nzp7Il9hdXRoX3VzZXJfaWQiOiIxIiwiX2F1dGhfdXNlcl9iYWNrZW5kIjoiZV9tYWxsLmF1dGhlbnRpY2F0aW9uX2NvbnN1bWVyLkVtYWlsT3JVc2VybmFtZSIsIl9hdXRoX3VzZXJfaGFzaCI6ImE0ZTVkZTU5Yjc4ODllNTcwY2Q4NDdjZjYwNDViMWJmNjg4YmIwODgifQ==','2020-06-03 15:25:46.984734'),('7a31m1i1aj2op2wq5zdwkxwlftfwhss9','NWVhNjBjYTM4Y2ZlNzk1NzI1OTM0ZmRlNGM4ZDc4NDU0YjZkNjc1Mzp7Il9hdXRoX3VzZXJfaWQiOiIxIiwiX2F1dGhfdXNlcl9iYWNrZW5kIjoiZV9tYWxsLmF1dGhlbnRpY2F0aW9uX2NvbnN1bWVyLkVtYWlsT3JVc2VybmFtZSIsIl9hdXRoX3VzZXJfaGFzaCI6ImE0ZTVkZTU5Yjc4ODllNTcwY2Q4NDdjZjYwNDViMWJmNjg4YmIwODgiLCJjb21tb2RpdHlfbGlzdCI6WzI1N10sImNvdW50c19saXN0IjpbMTAwXX0=','2020-06-05 00:12:55.331092'),('cnspref3v6gr8z85p4xlzjdw2utxc3bw','ZjBmMTYwZDE0ZGZkMWE0MzdiODhlODdlOGMxMGEwZjNkOTMyY2E1Yzp7Il9hdXRoX3VzZXJfaWQiOiI1IiwiX2F1dGhfdXNlcl9iYWNrZW5kIjoiZV9tYWxsLmF1dGhlbnRpY2F0aW9uX2NvbnN1bWVyLkVtYWlsT3JVc2VybmFtZSIsIl9hdXRoX3VzZXJfaGFzaCI6IjczN2ZjNjdmZWFkZDkyMjZjZjc5Mjc5ZWNjNWZmYzhkNDVhYjBmZGQiLCJzaW1wbGV1aV8yMDIwMDYwNCI6dHJ1ZX0=','2020-06-05 08:30:20.324246'),('hbmijg6yd4hqsp6wcxuv0o3pxq6spl0m','ZmFjZjcwZTYxY2I1OTU0ZjkxYjIwYWZiMGJhNGRiNWJkZDdlM2EzMzp7Il9hdXRoX3VzZXJfaWQiOiI1IiwiX2F1dGhfdXNlcl9iYWNrZW5kIjoiZV9tYWxsLmF1dGhlbnRpY2F0aW9uX2NvbnN1bWVyLkVtYWlsT3JVc2VybmFtZSIsIl9hdXRoX3VzZXJfaGFzaCI6IjczN2ZjNjdmZWFkZDkyMjZjZjc5Mjc5ZWNjNWZmYzhkNDVhYjBmZGQiLCJzaW1wbGV1aV8yMDIwMDYwMyI6dHJ1ZX0=','2020-06-04 13:58:48.679797'),('q5qo93c13vdoln8ry196yk5yhsl56oev','NzJlNThiMzRiZTY4MTc4MmVkMjhlYmQ0YzkzNzU4MWY5NDZiZDM2ODp7Il9hdXRoX3VzZXJfaWQiOiIxIiwiX2F1dGhfdXNlcl9iYWNrZW5kIjoiZV9tYWxsLmF1dGhlbnRpY2F0aW9uX2NvbnN1bWVyLkVtYWlsT3JVc2VybmFtZSIsIl9hdXRoX3VzZXJfaGFzaCI6ImE0ZTVkZTU5Yjc4ODllNTcwY2Q4NDdjZjYwNDViMWJmNjg4YmIwODgiLCJjb21tb2RpdHlfbGlzdCI6WzI1NF0sImNvdW50c19saXN0IjpbM119','2020-06-04 09:56:11.073672'),('u59qe24r1m34ib9lpcto9tk8ja9or5ya','NjVkN2VhZjFiZGYwMzhjN2EwNWVhZGQ5ZTg3YzEyODNhNDBjMWJlMTp7Il9hdXRoX3VzZXJfaWQiOiI1IiwiX2F1dGhfdXNlcl9iYWNrZW5kIjoiZV9tYWxsLmF1dGhlbnRpY2F0aW9uX2NvbnN1bWVyLkVtYWlsT3JVc2VybmFtZSIsIl9hdXRoX3VzZXJfaGFzaCI6IjczN2ZjNjdmZWFkZDkyMjZjZjc5Mjc5ZWNjNWZmYzhkNDVhYjBmZGQiLCJzaW1wbGV1aV8yMDIwMDYwMiI6dHJ1ZX0=','2020-06-03 13:03:58.235373'),('v41c86horm6l5jog5ijv2n54kzks5921','ZmFjZjcwZTYxY2I1OTU0ZjkxYjIwYWZiMGJhNGRiNWJkZDdlM2EzMzp7Il9hdXRoX3VzZXJfaWQiOiI1IiwiX2F1dGhfdXNlcl9iYWNrZW5kIjoiZV9tYWxsLmF1dGhlbnRpY2F0aW9uX2NvbnN1bWVyLkVtYWlsT3JVc2VybmFtZSIsIl9hdXRoX3VzZXJfaGFzaCI6IjczN2ZjNjdmZWFkZDkyMjZjZjc5Mjc5ZWNjNWZmYzhkNDVhYjBmZGQiLCJzaW1wbGV1aV8yMDIwMDYwMyI6dHJ1ZX0=','2020-06-04 09:58:05.091164');
/*!40000 ALTER TABLE `django_session` ENABLE KEYS */;
UNLOCK TABLES;

--
-- Table structure for table `django_site`
--

DROP TABLE IF EXISTS `django_site`;
/*!40101 SET @saved_cs_client     = @@character_set_client */;
/*!50503 SET character_set_client = utf8mb4 */;
CREATE TABLE `django_site` (
  `id` int(11) NOT NULL AUTO_INCREMENT,
  `domain` varchar(100) NOT NULL,
  `name` varchar(50) NOT NULL,
  PRIMARY KEY (`id`),
  UNIQUE KEY `django_site_domain_a2e37b91_uniq` (`domain`)
) ENGINE=InnoDB AUTO_INCREMENT=2 DEFAULT CHARSET=utf8mb4 COLLATE=utf8mb4_0900_ai_ci;
/*!40101 SET character_set_client = @saved_cs_client */;

--
-- Dumping data for table `django_site`
--

LOCK TABLES `django_site` WRITE;
/*!40000 ALTER TABLE `django_site` DISABLE KEYS */;
INSERT INTO `django_site` VALUES (1,'example.com','example.com');
/*!40000 ALTER TABLE `django_site` ENABLE KEYS */;
UNLOCK TABLES;

--
-- Table structure for table `logistic`
--

DROP TABLE IF EXISTS `logistic`;
/*!40101 SET @saved_cs_client     = @@character_set_client */;
/*!50503 SET character_set_client = utf8mb4 */;
CREATE TABLE `logistic` (
  `id` int(11) NOT NULL AUTO_INCREMENT,
  `shipping_status` smallint(6) NOT NULL,
  `signed` tinyint(1) NOT NULL,
  `order_basic_id` int(11) NOT NULL,
  PRIMARY KEY (`id`),
  KEY `Logistic_order_basic_id_65834d7c_fk_Order_basic_id` (`order_basic_id`),
  CONSTRAINT `Logistic_order_basic_id_65834d7c_fk_Order_basic_id` FOREIGN KEY (`order_basic_id`) REFERENCES `order_basic` (`id`)
) ENGINE=InnoDB DEFAULT CHARSET=utf8mb4 COLLATE=utf8mb4_0900_ai_ci;
/*!40101 SET character_set_client = @saved_cs_client */;

--
-- Dumping data for table `logistic`
--

LOCK TABLES `logistic` WRITE;
/*!40000 ALTER TABLE `logistic` DISABLE KEYS */;
/*!40000 ALTER TABLE `logistic` ENABLE KEYS */;
UNLOCK TABLES;

--
-- Table structure for table `order_basic`
--

DROP TABLE IF EXISTS `order_basic`;
/*!40101 SET @saved_cs_client     = @@character_set_client */;
/*!50503 SET character_set_client = utf8mb4 */;
CREATE TABLE `order_basic` (
  `id` int(11) NOT NULL AUTO_INCREMENT,
  `orderId` varchar(100) NOT NULL,
  `payment` varchar(1) NOT NULL,
  `commodity_total_counts` int(10) unsigned NOT NULL,
  `total_price` decimal(9,2) DEFAULT NULL,
  `generate_time` datetime(6) NOT NULL,
  `check_time` datetime(6) NOT NULL,
  `trade_number` varchar(128) DEFAULT NULL,
  `status` varchar(1) NOT NULL,
  `checked` tinyint(1) NOT NULL,
  `remarked` tinyint(1) NOT NULL,
  `delete_consumer` tinyint(1) NOT NULL,
  `delete_shopper` tinyint(1) NOT NULL,
  `consumer_id` int(11) NOT NULL,
  `region_id` int(11) NOT NULL,
  PRIMARY KEY (`id`),
  KEY `Order_basic_consumer_id_9da2a17d_fk_auth_user_id` (`consumer_id`),
  KEY `Order_basic_region_id_52bce57f_fk_Address_id` (`region_id`),
  CONSTRAINT `Order_basic_consumer_id_9da2a17d_fk_auth_user_id` FOREIGN KEY (`consumer_id`) REFERENCES `auth_user` (`id`),
  CONSTRAINT `Order_basic_region_id_52bce57f_fk_Address_id` FOREIGN KEY (`region_id`) REFERENCES `address` (`id`)
) ENGINE=InnoDB AUTO_INCREMENT=63 DEFAULT CHARSET=utf8mb4 COLLATE=utf8mb4_0900_ai_ci;
/*!40101 SET character_set_client = @saved_cs_client */;

--
-- Dumping data for table `order_basic`
--

LOCK TABLES `order_basic` WRITE;
/*!40000 ALTER TABLE `order_basic` DISABLE KEYS */;
INSERT INTO `order_basic` VALUES (12,'1591187614262429','',1,54.00,'2020-06-03 20:33:34.264423','2020-06-03 20:33:34.264423','1591200779326070','2',0,0,0,0,1,1),(14,'1591188306570370','',1,54.00,'2020-06-03 20:45:06.585512','2020-06-03 20:45:06.585512','1591200779326070','2',0,0,0,0,1,1),(15,'1591188330297335','',1,54.00,'2020-06-03 20:45:30.395797','2020-06-03 20:45:30.395797','1591200779326070','2',0,0,0,0,1,1),(16,'1591188595250750','',1,54.00,'2020-06-03 20:49:55.252744','2020-06-03 20:49:55.252744','1591200779326070','2',0,0,0,0,1,1),(17,'1591188749400903','',1,54.00,'2020-06-03 20:52:29.404824','2020-06-03 20:52:29.404824','1591200779326070','2',0,0,0,0,1,1),(18,'1591188873008475','',1,54.00,'2020-06-03 20:54:33.009442','2020-06-03 20:54:33.009442','1591200779326070','2',0,0,0,0,1,1),(19,'1591189082198066','',1,54.00,'2020-06-03 20:58:02.212024','2020-06-03 20:58:02.212024','1591200779326070','2',0,0,0,0,1,1),(20,'1591189318653010','',1,54.00,'2020-06-03 21:01:58.665264','2020-06-03 21:01:58.665264','1591200779326070','2',0,0,0,0,1,1),(21,'1591189378548181','',1,54.00,'2020-06-03 21:02:58.549182','2020-06-03 21:02:58.549182','1591200779326070','2',0,0,0,0,1,1),(22,'1591189386445051','',1,54.00,'2020-06-03 21:03:06.446189','2020-06-03 21:03:06.446189','1591200779326070','2',0,0,0,0,1,1),(23,'1591189589558021','',1,54.00,'2020-06-03 21:06:29.560080','2020-06-03 21:06:29.560080','1591200779326070','2',0,0,0,0,1,1),(24,'1591189627411558','',1,54.00,'2020-06-03 21:07:07.415570','2020-06-03 21:07:07.415570','1591200779326070','2',0,0,0,0,1,1),(25,'1591189677996346','',1,54.00,'2020-06-03 21:07:57.999295','2020-06-03 21:07:57.999295','1591200779326070','2',0,0,0,0,1,1),(26,'1591189718171741','',1,54.00,'2020-06-03 21:08:38.173776','2020-06-03 21:08:38.173776','1591200779326070','2',0,0,0,0,1,1),(27,'1591190853637462','',1,54.00,'2020-06-03 21:27:33.639725','2020-06-03 21:27:33.639725','1591200779326070','2',0,0,0,0,1,1),(28,'1591192233306310','',1,54.00,'2020-06-03 21:50:33.418563','2020-06-03 21:50:33.418563','1591200779326070','2',0,0,0,0,1,1),(29,'1591192294229570','',1,54.00,'2020-06-03 21:51:34.363121','2020-06-03 21:51:34.363121','1591200779326070','2',0,0,0,0,1,1),(30,'1591192859890341','',1,54.00,'2020-06-03 22:00:59.973120','2020-06-03 22:00:59.973120','1591200779326070','2',0,0,0,0,1,1),(31,'1591193273501715','',1,54.00,'2020-06-03 22:07:53.522282','2020-06-03 22:07:53.522282','1591200779326070','2',0,0,0,0,1,1),(32,'1591193384179078','',1,54.00,'2020-06-03 22:09:44.185107','2020-06-03 22:09:44.185107','1591200779326070','2',0,0,0,0,1,1),(33,'1591193660141666','',1,54.00,'2020-06-03 22:14:20.144657','2020-06-03 22:14:20.144657','1591200779326070','2',0,0,0,0,1,1),(34,'1591193740702155','',1,54.00,'2020-06-03 22:15:40.705175','2020-06-03 22:15:40.705175','1591200779326070','2',0,0,0,0,1,1),(35,'1591193858212024','',1,54.00,'2020-06-03 22:17:38.238917','2020-06-03 22:17:38.238917','1591200779326070','2',0,0,0,0,1,1),(36,'1591193948959035','',1,54.00,'2020-06-03 22:19:08.961330','2020-06-03 22:19:08.961330','1591200779326070','2',0,0,0,0,1,1),(37,'1591194462876136','',1,54.00,'2020-06-03 22:27:42.878674','2020-06-03 22:27:42.878674','1591200779326070','2',0,0,0,0,1,1),(38,'1591194793801776','',1,54.00,'2020-06-03 22:33:13.803771','2020-06-03 22:33:13.803771','1591200779326070','2',0,0,0,0,1,1),(39,'1591194847130962','',1,54.00,'2020-06-03 22:34:07.133939','2020-06-03 22:34:07.133939','1591200779326070','2',0,0,0,0,1,1),(40,'1591194987215252','',1,54.00,'2020-06-03 22:36:27.217161','2020-06-03 22:36:27.217161','1591200779326070','2',0,0,0,0,1,1),(41,'1591195104172634','',1,54.00,'2020-06-03 22:38:24.176996','2020-06-03 22:38:24.176996','1591200779326070','2',0,0,0,0,1,1),(42,'1591195179107736','',1,54.00,'2020-06-03 22:39:39.222544','2020-06-03 22:39:39.222578','1591200779326070','2',0,0,0,0,1,1),(43,'1591195221483816','',1,54.00,'2020-06-03 22:40:21.485811','2020-06-03 22:40:21.485811','1591200779326070','2',0,0,0,0,1,1),(45,'1591195396363652','',1,54.00,'2020-06-03 22:43:16.365643','2020-06-03 22:43:16.421697','1591200779326070','2',0,0,0,0,1,1),(46,'1591195711530774','',1,54.00,'2020-06-03 22:48:31.531942','2020-06-03 22:48:31.535901','1591200779326070','2',0,0,0,0,1,1),(47,'1591196029284768','',1,54.00,'2020-06-03 22:53:49.288438','2020-06-03 22:53:49.303031','1591200779326070','2',0,0,0,0,1,1),(48,'1591196135308676','',1,54.00,'2020-06-03 22:55:35.310671','2020-06-03 22:55:35.325799','1591200779326070','2',0,0,0,0,1,1),(49,'1591196433884903','',1,54.00,'2020-06-03 23:00:33.886478','2020-06-03 23:00:34.115494','1591200779326070','2',0,0,0,0,1,1),(50,'1591196586065850','',1,54.00,'2020-06-03 23:03:06.067846','2020-06-03 23:03:06.101753','1591200779326070','2',0,0,0,0,1,1),(51,'1591196630565774','',1,13.50,'2020-06-03 23:03:50.567768','2020-06-03 23:03:50.678472','1591200779326070','2',0,0,0,0,1,1),(52,'1591196681744824','',1,33898.50,'2020-06-03 23:04:41.778733','2020-06-03 23:04:41.991166','1591200779326070','2',0,0,0,0,1,1),(53,'1591197267000293','',1,54.00,'2020-06-03 23:14:27.002673','2020-06-03 23:14:27.035583','1591200779326070','2',0,0,0,0,1,1),(54,'1591197519931628','',1,54.00,'2020-06-03 23:18:39.932620','2020-06-03 23:18:39.950584','1591200779326070','2',0,0,0,0,1,1),(55,'1591198009135146','',1,54.00,'2020-06-03 23:26:49.136959','2020-06-03 23:26:49.141105','1591200779326070','2',0,0,0,0,1,1),(56,'1591198739368412','',1,54.00,'2020-06-03 23:38:59.435229','2020-06-03 23:39:00.560222','1591200779326070','2',0,0,0,0,1,1),(57,'1591199868008608','',1,81.00,'2020-06-03 23:57:48.009604','2020-06-03 23:57:48.041526','1591200779326070','2',0,0,0,0,1,2),(58,'1591200013949588','',1,54.00,'2020-06-04 00:00:13.951567','2020-06-04 00:00:13.955531','1591200779326070','2',0,0,0,0,1,2),(59,'1591200778640077','',1,5500.00,'2020-06-04 00:12:58.641894','2020-06-04 00:12:58.647224','1591200779326070','2',0,0,0,0,1,2),(61,'1591228741534946','',1,94.50,'2020-06-04 07:59:01.537938','2020-06-04 07:59:01.819667',NULL,'1',0,0,0,0,1,2),(62,'1591228887233522','',1,94.50,'2020-06-04 08:01:27.236171','2020-06-04 08:01:27.519479','1591229008056852','2',0,0,0,0,1,2);
/*!40000 ALTER TABLE `order_basic` ENABLE KEYS */;
UNLOCK TABLES;

--
-- Table structure for table `order_details`
--

DROP TABLE IF EXISTS `order_details`;
/*!40101 SET @saved_cs_client     = @@character_set_client */;
/*!50503 SET character_set_client = utf8mb4 */;
CREATE TABLE `order_details` (
  `id` int(11) NOT NULL AUTO_INCREMENT,
  `price` decimal(9,2) NOT NULL,
  `commodity_counts` int(10) unsigned NOT NULL,
  `belong_shopper_id` int(11) NOT NULL,
  `commodity_id` int(11) NOT NULL,
  `order_basic_id` int(11) NOT NULL,
  PRIMARY KEY (`id`),
  KEY `Order_details_commodity_id_80343397_fk_Commodity_id` (`commodity_id`),
  KEY `Order_details_order_basic_id_b8d8effb_fk_Order_basic_id` (`order_basic_id`),
  KEY `Order_details_belong_shopper_id_90d0afc5_fk_auth_user_id` (`belong_shopper_id`),
  CONSTRAINT `Order_details_belong_shopper_id_90d0afc5_fk_auth_user_id` FOREIGN KEY (`belong_shopper_id`) REFERENCES `auth_user` (`id`),
  CONSTRAINT `Order_details_commodity_id_80343397_fk_Commodity_id` FOREIGN KEY (`commodity_id`) REFERENCES `commodity` (`id`),
  CONSTRAINT `Order_details_order_basic_id_b8d8effb_fk_Order_basic_id` FOREIGN KEY (`order_basic_id`) REFERENCES `order_basic` (`id`)
) ENGINE=InnoDB AUTO_INCREMENT=59 DEFAULT CHARSET=utf8mb4 COLLATE=utf8mb4_0900_ai_ci;
/*!40101 SET character_set_client = @saved_cs_client */;

--
-- Dumping data for table `order_details`
--

LOCK TABLES `order_details` WRITE;
/*!40000 ALTER TABLE `order_details` DISABLE KEYS */;
INSERT INTO `order_details` VALUES (5,13.50,6,5,4,12),(7,13.50,6,5,4,14),(8,13.50,6,5,4,15),(9,13.50,6,5,4,16),(10,13.50,6,5,4,17),(11,13.50,6,5,4,18),(12,13.50,6,5,4,19),(13,13.50,6,5,4,20),(14,13.50,6,5,4,21),(15,13.50,6,5,4,22),(16,13.50,6,5,4,23),(17,13.50,6,5,4,24),(18,13.50,6,5,4,25),(19,13.50,6,5,4,26),(20,13.50,6,5,4,27),(21,13.50,6,5,4,28),(22,13.50,6,5,4,29),(23,13.50,6,5,4,30),(24,13.50,6,5,4,31),(25,13.50,6,5,4,32),(26,13.50,4,5,4,33),(27,13.50,4,5,4,34),(28,13.50,4,5,4,35),(29,13.50,4,5,4,36),(30,13.50,4,5,4,37),(31,13.50,4,5,4,38),(32,13.50,4,5,4,39),(33,13.50,4,5,4,40),(34,13.50,4,5,4,41),(35,13.50,4,5,4,42),(36,13.50,4,5,4,43),(38,13.50,4,5,4,45),(39,13.50,4,5,4,46),(40,13.50,4,5,4,47),(41,13.50,4,5,4,48),(42,13.50,4,5,4,49),(43,13.50,4,5,4,50),(44,13.50,1,5,262,51),(45,13.50,2511,5,262,52),(46,13.50,4,5,258,53),(47,13.50,4,5,262,54),(48,13.50,4,5,4,55),(49,13.50,4,5,262,56),(50,13.50,6,5,269,57),(51,13.50,4,5,4,58),(52,55.00,100,5,257,59),(53,13.50,1,5,262,61),(54,13.50,4,5,266,61),(55,13.50,2,5,269,61),(56,13.50,1,5,262,62),(57,13.50,4,5,266,62),(58,13.50,2,5,269,62);
/*!40000 ALTER TABLE `order_details` ENABLE KEYS */;
UNLOCK TABLES;

--
-- Table structure for table `promotion_commodity`
--

DROP TABLE IF EXISTS `promotion_commodity`;
/*!40101 SET @saved_cs_client     = @@character_set_client */;
/*!50503 SET character_set_client = utf8mb4 */;
CREATE TABLE `promotion_commodity` (
  `id` int(11) NOT NULL AUTO_INCREMENT,
  `commodity_name` varchar(20) NOT NULL,
  `url` varchar(20) NOT NULL,
  `picture` varchar(100) NOT NULL,
  `start_time` datetime(6) NOT NULL,
  `end_time` datetime(6) NOT NULL,
  PRIMARY KEY (`id`)
) ENGINE=InnoDB DEFAULT CHARSET=utf8mb4 COLLATE=utf8mb4_0900_ai_ci;
/*!40101 SET character_set_client = @saved_cs_client */;

--
-- Dumping data for table `promotion_commodity`
--

LOCK TABLES `promotion_commodity` WRITE;
/*!40000 ALTER TABLE `promotion_commodity` DISABLE KEYS */;
/*!40000 ALTER TABLE `promotion_commodity` ENABLE KEYS */;
UNLOCK TABLES;

--
-- Table structure for table `remark`
--

DROP TABLE IF EXISTS `remark`;
/*!40101 SET @saved_cs_client     = @@character_set_client */;
/*!50503 SET character_set_client = utf8mb4 */;
CREATE TABLE `remark` (
  `id` int(11) NOT NULL AUTO_INCREMENT,
  `grade` smallint(6) NOT NULL,
  `reward_content` longtext NOT NULL,
  `reward_time` datetime(6) NOT NULL,
  `commodity_id` int(11) NOT NULL,
  `consumer_id` int(11) NOT NULL,
  `shopper_id` int(11) NOT NULL,
  PRIMARY KEY (`id`),
  KEY `Remark_commodity_id_571d3dea_fk_Commodity_id` (`commodity_id`),
  KEY `Remark_consumer_id_b641f55f_fk_auth_user_id` (`consumer_id`),
  KEY `Remark_shopper_id_b2fdccc0_fk_auth_user_id` (`shopper_id`),
  CONSTRAINT `Remark_commodity_id_571d3dea_fk_Commodity_id` FOREIGN KEY (`commodity_id`) REFERENCES `commodity` (`id`),
  CONSTRAINT `Remark_consumer_id_b641f55f_fk_auth_user_id` FOREIGN KEY (`consumer_id`) REFERENCES `auth_user` (`id`),
  CONSTRAINT `Remark_shopper_id_b2fdccc0_fk_auth_user_id` FOREIGN KEY (`shopper_id`) REFERENCES `auth_user` (`id`)
) ENGINE=InnoDB DEFAULT CHARSET=utf8mb4 COLLATE=utf8mb4_0900_ai_ci;
/*!40101 SET character_set_client = @saved_cs_client */;

--
-- Dumping data for table `remark`
--

LOCK TABLES `remark` WRITE;
/*!40000 ALTER TABLE `remark` DISABLE KEYS */;
/*!40000 ALTER TABLE `remark` ENABLE KEYS */;
UNLOCK TABLES;

--
-- Table structure for table `remark_reply`
--

DROP TABLE IF EXISTS `remark_reply`;
/*!40101 SET @saved_cs_client     = @@character_set_client */;
/*!50503 SET character_set_client = utf8mb4 */;
CREATE TABLE `remark_reply` (
  `id` int(11) NOT NULL AUTO_INCREMENT,
  `reply_content` longtext NOT NULL,
  `reply_time` datetime(6) NOT NULL,
  `remark_id` int(11) NOT NULL,
  `shopper_id` int(11) NOT NULL,
  PRIMARY KEY (`id`),
  UNIQUE KEY `shopper_id` (`shopper_id`),
  KEY `Remark_reply_remark_id_b624fb04_fk_Remark_id` (`remark_id`),
  CONSTRAINT `Remark_reply_remark_id_b624fb04_fk_Remark_id` FOREIGN KEY (`remark_id`) REFERENCES `remark` (`id`),
  CONSTRAINT `Remark_reply_shopper_id_c07674a0_fk_auth_user_id` FOREIGN KEY (`shopper_id`) REFERENCES `auth_user` (`id`)
) ENGINE=InnoDB DEFAULT CHARSET=utf8mb4 COLLATE=utf8mb4_0900_ai_ci;
/*!40101 SET character_set_client = @saved_cs_client */;

--
-- Dumping data for table `remark_reply`
--

LOCK TABLES `remark_reply` WRITE;
/*!40000 ALTER TABLE `remark_reply` DISABLE KEYS */;
/*!40000 ALTER TABLE `remark_reply` ENABLE KEYS */;
UNLOCK TABLES;

--
-- Table structure for table `shopper_app_shoppers`
--

DROP TABLE IF EXISTS `shopper_app_shoppers`;
/*!40101 SET @saved_cs_client     = @@character_set_client */;
/*!50503 SET character_set_client = utf8mb4 */;
CREATE TABLE `shopper_app_shoppers` (
  `id` int(11) NOT NULL AUTO_INCREMENT,
  `phone` varchar(11) NOT NULL,
  `credit` varchar(1) NOT NULL,
  `sex` varchar(1) NOT NULL,
  `head_image` varchar(100) DEFAULT NULL,
  `is_vip` tinyint(1) NOT NULL,
  `user_id` int(11) NOT NULL,
  `birthday` datetime(6) DEFAULT NULL,
  PRIMARY KEY (`id`),
  UNIQUE KEY `phone` (`phone`),
  UNIQUE KEY `user_id` (`user_id`),
  CONSTRAINT `Shopper_app_shoppers_user_id_c5ca8262_fk_auth_user_id` FOREIGN KEY (`user_id`) REFERENCES `auth_user` (`id`)
) ENGINE=InnoDB AUTO_INCREMENT=9 DEFAULT CHARSET=utf8mb4 COLLATE=utf8mb4_0900_ai_ci;
/*!40101 SET character_set_client = @saved_cs_client */;

--
-- Dumping data for table `shopper_app_shoppers`
--

LOCK TABLES `shopper_app_shoppers` WRITE;
/*!40000 ALTER TABLE `shopper_app_shoppers` DISABLE KEYS */;
INSERT INTO `shopper_app_shoppers` VALUES (4,'13787833290','1','m','head/b1677465766_50xd41I.ico',1,5,'1999-05-20 00:00:00.000000'),(8,'13777777733','1','f','',1,9,'1999-09-24 00:00:00.000000');
/*!40000 ALTER TABLE `shopper_app_shoppers` ENABLE KEYS */;
UNLOCK TABLES;

--
-- Table structure for table `shopper_app_store`
--

DROP TABLE IF EXISTS `shopper_app_store`;
/*!40101 SET @saved_cs_client     = @@character_set_client */;
/*!50503 SET character_set_client = utf8mb4 */;
CREATE TABLE `shopper_app_store` (
  `id` int(11) NOT NULL AUTO_INCREMENT,
  `store_name` varchar(30) NOT NULL,
  `start_time` datetime(6) NOT NULL,
  `province` varchar(10) NOT NULL,
  `attention` int(10) unsigned NOT NULL,
  `shop_grade` decimal(2,1) NOT NULL,
  `shopper_id` int(11) NOT NULL,
  PRIMARY KEY (`id`),
  UNIQUE KEY `shopper_id` (`shopper_id`)
) ENGINE=InnoDB AUTO_INCREMENT=3 DEFAULT CHARSET=utf8mb4 COLLATE=utf8mb4_0900_ai_ci;
/*!40101 SET character_set_client = @saved_cs_client */;

--
-- Dumping data for table `shopper_app_store`
--

LOCK TABLES `shopper_app_store` WRITE;
/*!40000 ALTER TABLE `shopper_app_store` DISABLE KEYS */;
INSERT INTO `shopper_app_store` VALUES (1,'慎独的店铺','2020-06-02 10:08:12.432381','江苏省',0,0.0,5),(2,'我是卖家2号','2020-06-03 15:20:25.764182','湖南省',0,0.0,9);
/*!40000 ALTER TABLE `shopper_app_store` ENABLE KEYS */;
UNLOCK TABLES;
/*!40103 SET TIME_ZONE=@OLD_TIME_ZONE */;

/*!40101 SET SQL_MODE=@OLD_SQL_MODE */;
/*!40014 SET FOREIGN_KEY_CHECKS=@OLD_FOREIGN_KEY_CHECKS */;
/*!40014 SET UNIQUE_CHECKS=@OLD_UNIQUE_CHECKS */;
/*!40101 SET CHARACTER_SET_CLIENT=@OLD_CHARACTER_SET_CLIENT */;
/*!40101 SET CHARACTER_SET_RESULTS=@OLD_CHARACTER_SET_RESULTS */;
/*!40101 SET COLLATION_CONNECTION=@OLD_COLLATION_CONNECTION */;
/*!40111 SET SQL_NOTES=@OLD_SQL_NOTES */;

-- Dump completed on 2020-06-04  9:30:43
